Id,PCA_1,PCA_2,PCA_3,SalePrice
1,-118.07330505963697,-40.09455569830352,-2.442696597653387,208500
2,117.8012023778001,1.4965198384678011,6.9345554040367485,181500
3,-137.1098926425811,-38.508193750640935,-2.8716279465337053,223500
4,125.22897160181883,57.822330928396006,-13.091266875748603,140000
5,96.75878268078364,-29.841517355807863,0.5063213013832935,250000
6,210.09859082837414,-15.135217332044329,7.91126151998129,143000
7,132.97949068602958,-35.90843658131503,-1.5707649414852969,307000
8,486.2577770746364,20.058931426768495,16.210215540441187,200000
9,112.96557365528676,55.60610786047818,11.583714566520014,129900
10,-177.75091297545399,39.746930321721166,12.401392989830732,118000
11,-180.9381770855309,10.195114397201639,13.478735430186877,129500
12,-10.74200614530894,-43.51372996406383,-6.063356561032241,345000
13,134.80008503263602,23.708800001544766,18.05831685126126,144000
14,14.052009203864529,-41.81942604472926,-2.768203074157178,279500
15,207.67969525322908,28.595123590630823,19.895334612682554,157000
16,-20.37644182056529,26.5184823535684,-40.469733165628206,132000
17,-180.51486310513656,4.821412461226476,7.417110878176509,149000
18,-180.85837436606747,5.333225726719049,13.451080907336546,90000
19,-77.22529963531932,-39.333075534536185,0.7650379700196019,159000
20,-181.05574255721976,17.445939696573394,9.074607006089758,139000
21,215.0201517198158,-36.021770861898155,-1.1790077031760449,325300
22,23.262562660100343,51.4311813315291,5.242030886503644,139400
23,150.78940104275023,-30.69367596038775,0.5634978879491394,230000
24,29.642729364190462,-0.27062048003308903,9.404716532810996,129900
25,315.8532031588349,7.729932908263291,-11.203021966795216,154000
26,-122.84905892934171,-44.611268360631904,-5.134389467731372,256300
27,73.53886687909068,16.00544750452764,-20.567127041388815,134800
28,-128.85109196364462,-44.050561230117026,-5.645981630421546,306000
29,365.5358221773484,15.9988749494546,-10.701168962369463,207500
30,-46.218891652225956,55.11236872242448,10.545723830631479,68500
31,43.4654999097157,64.60158015891379,10.951179727152017,40000
32,-114.8734207579781,-8.177500891125948,-20.787797313767136,149350
33,-148.81100792824006,-46.66879618092509,-5.892258621397481,179900
34,-143.2957917180007,22.033262890876507,16.96538527241584,165500
35,71.1156872252893,-39.092433582938284,-3.5113452382645653,277500
36,-33.86563905685307,-42.391894062758816,-4.675324933619231,309000
37,276.05850956733826,-13.873949724496729,9.366093177696415,145000
38,-180.4921374880811,9.030571417297228,-13.630305627981057,153000
39,-128.1144529881178,4.623471003693521,-28.581941925146293,109000
40,-181.50579921994915,24.32320652459729,18.542922674312475,82000
41,-42.836961193726445,11.317263328878507,13.39465112250953,160000
42,-77.12073306790185,19.679008256322422,15.425406183859906,170000
43,59.93301728836902,-8.721202857776342,7.316761816806902,144000
44,-35.37560085376329,-1.4064919797113071,6.417309164215087,130250
45,-181.0344980921825,15.199227143050996,13.494240156995051,141000
46,98.96178295961454,-34.183750663601124,-2.008028805889901,319900
47,229.67654165612416,-27.97704317833509,3.3108932367917214,239686
48,-32.871412528429126,-43.19891428878586,-4.068438151727856,249700
49,-79.01788942232818,34.642917477992484,-40.218614284673016,113000
50,-180.69157545437739,6.82065424897596,9.802059111973936,127000
51,-104.29942455954713,-32.90034707290313,-0.6906343131108353,177000
52,-69.75000705442274,44.583235185197964,9.141930034850288,114500
53,-75.184346192398,18.912016320083602,16.601116774766492,110000
54,748.8013535680554,10.215211760497933,10.49709995755902,385000
55,-131.3688682525227,23.88445855869086,17.552713863173715,130000
56,225.86097762074152,23.655625120766175,18.672536965068122,180500
57,-64.23127494458252,-32.52414669629092,-2.077385172612325,172500
58,-108.95730001070196,-43.709960789560526,-3.4849145882789205,196500
59,50.31563377115327,-42.81924985785863,-6.150578979951339,438780
60,15.404167676680633,6.1752648057346695,11.006571542391324,124900
61,-129.02249515142256,-44.00224866164119,-2.224085074056999,158000
62,-37.01122758464467,37.82891385795854,-34.62514452065904,101000
63,-9.876976904788538,-42.52326538703086,-3.700275374009221,202500
64,-95.09399984686338,60.170135245510515,2.3648106295358047,140000
65,432.2834491946976,-14.006122302509315,7.812507309272811,219500
66,163.95537277506222,-34.85368759388904,-1.232134323080142,317000
67,120.67969956315511,5.592808700332551,-1.6936404095518582,180000
68,-6.09956777614089,-37.97974560470557,-1.0328495171643595,226000
69,-181.84324335699387,37.70227560495819,17.580027637054773,80000
70,-46.39858328998442,27.50117779519532,18.31539395911404,225000
71,119.601961598242,5.8151054692672295,9.908465536290574,244000
72,-179.5487192732113,-25.242672764715753,-12.83543553002505,129500
73,205.44233187548835,-21.812208878541362,4.7199144034941245,185000
74,-180.15277189958556,4.017629696935406,-25.576294436116616,144900
75,19.320160810146312,70.75916002643818,8.313714910365762,107400
76,40.160029182812906,7.9318341805328405,15.803921799784304,91000
77,-181.30499461023385,22.129377097915043,15.858112424360414,135750
78,-180.3998647218553,8.32099257840352,-24.53070066797111,127000
79,-180.982372377812,9.33490390956161,14.487724070041889,136500
80,20.219326253269667,58.40118395010015,-23.716175904102528,110000
81,143.1510113833601,16.626904919931164,14.488064177751948,193500
82,19.6185534211466,-31.42358377557332,2.2978515191270503,153500
83,64.08080530663474,-40.236584530663144,-2.5524556178833815,245000
84,-107.17211072698801,17.912096921362348,16.063079654079377,126500
85,12.450987610370914,-24.208100686172774,1.997875461035234,168500
86,29.489598659134902,-22.74309637226372,1.1168304630304922,260000
87,-41.152077959088196,-38.62126284788097,-0.2581338391168546,174000
88,54.94161684720308,-40.96946932529415,-0.23016412077397064,164500
89,-26.013017523234684,53.984525011447744,-15.88042058442603,85000
90,-179.636672506331,-30.351818642329548,3.0698075214053575,123600
91,-152.65063744705077,29.17491473377889,20.136557027860317,109900
92,-181.18413618667458,13.578611304587538,17.194536910191,98600
93,-136.7442162449138,31.598997686463907,-43.26690683677575,163500
94,-82.07536178069563,43.92130805334224,-41.970127450039534,133900
95,-17.44431638392346,-29.84111462750374,2.3871245902181197,204750
96,115.48364504363201,-18.847031190825774,1.348937440972502,185000
97,7.751123600951764,-33.461933342931836,0.2699336367957486,214000
98,-61.04813184245386,12.92158614396337,16.464546213312342,94750
99,-105.38441125984885,61.92613056420225,6.849665280835373,83000
100,170.3895407749441,32.32178648773196,23.33611869154216,128950
101,56.2570487966658,-8.620545090065175,-11.546239158818523,205000
102,57.82613895805264,-7.1655231788542055,9.044100760242111,178000
103,-180.37072069823452,-7.161768475550461,8.697999847341434,118964
104,-142.89587357145058,-46.106918500006856,-4.347220082545729,198900
105,1.9869609982553986,51.18043886614269,11.635332632412348,169500
106,5.959881071923033,-37.03767613270653,-2.911195560415861,250000
107,-181.76872272056093,65.01426675830216,-50.372500487284896,100000
108,-181.6634719341353,32.17468150555349,18.005819107663367,115000
109,-36.807352723308846,34.513341640140474,-42.645887765482875,115000
110,-58.35758987699342,-0.46057214371009586,8.451154596137256,190000
111,0.9722622066226849,19.576303614807856,4.8250701021313205,136900
112,0.6240296803500515,-29.622000683641456,1.2258735420168088,180000
113,292.9224188304103,-34.22725685551661,2.0267433761309515,383970
114,296.3823209340199,39.352496739184986,23.422275398442498,217000
115,43.857285155456296,14.296420623577797,-30.491483567424666,259500
116,-147.2703156521483,-36.55561353681744,-0.30312934628375543,176000
117,-17.22183878994294,20.759997300273035,17.485369294186047,139000
118,-35.10907178612101,-42.41286397733439,-0.5692763258677274,155000
119,187.0853230168916,-10.457857823964124,7.746015522971947,320000
120,-154.92345547199443,-46.65095307193099,-3.95649156047047,163990
121,79.27463051759011,9.674138211591824,13.878060469560616,180000
122,-41.98102923805768,43.58288686583497,16.967046560518387,100000
123,-51.07563166458984,22.49612529748782,13.088491847923367,136000
124,-116.62074322123378,-26.132953899688506,2.717094257067463,153900
125,12.090440283264602,-10.675881858310145,-5.673136746720243,181000
126,-127.731708854597,26.0413542459539,-21.468102205087444,84500
127,24.567289333169754,-0.11541264362131849,10.812217852342755,128000
128,-181.83495554491813,46.08825182139087,6.152907071016107,87000
129,115.09995232206782,14.90164145229022,15.51924428728984,155000
130,79.64424832477091,8.826934638088376,-11.160994091886298,150000
131,-9.604621479808884,10.09920232588063,9.97923300961998,226000
132,-107.32329200367536,-34.04235863428356,0.6210570104716683,244000
133,-180.02469379152157,-3.582746432882839,-22.07226087554926,150750
134,37.79007104261208,-32.048681058017756,-1.1878758061146144,220000
135,95.82772538007445,-0.10972996486564053,-6.482694691348537,180000
136,-82.48637519398522,5.231271101411472,8.137686643289015,174000
137,-69.85817862240523,9.507754304977116,14.128618097546685,143000
138,-179.6140106991578,-24.759914755947015,0.5005843550414618,171000
139,150.69702722059785,-27.228487741545283,0.858986909894803,230000
140,195.33111392708278,-20.514317923950088,6.42423658338566,231500
141,-180.84259784282784,5.251049597670381,13.466044107110353,115000
142,5.031069657739061,-41.687664809869176,-1.9672608201417057,260000
143,-181.6916478648149,30.785521935315575,20.431138740260515,166000
144,-6.369758367787582,-29.907655455372076,1.1502789558605802,204000
145,-180.92563674108945,10.134364303986006,13.504019079356032,125000
146,-138.9787804645033,-45.15468159307447,-4.1894903077562144,130000
147,-132.87442780291613,29.140125878934075,-27.66310039008303,105000
148,12.666895686175662,-30.57392014617214,0.9541429596453945,222500
149,-178.9901332652857,-43.581945364404966,-4.590203541834317,141000
150,131.89429507570355,50.19607570088249,17.929919010717185,115000
151,-180.35823245075886,-4.976921592502888,8.00430336019806,122000
152,-76.78801598110257,-45.18065504087671,-5.551779391505934,372402
153,-114.50565830813596,0.971376916547207,10.074333646839595,190000
154,228.24050060961494,21.287074375534164,4.175832164594519,235000
155,45.835545388525595,58.321396238282944,7.579818396832724,125000
156,-46.185350182201276,57.38490367212219,7.342936909357152,79000
157,-181.39771026102906,27.24691955287172,15.28282547019482,109500
158,-103.78648319603329,-45.8494607490232,-6.122767611983167,269500
159,-43.12742504719987,-36.88053902959891,-1.8412018659604152,254900
160,359.85488484810065,-31.21851734373029,2.587253547918191,320000
161,-179.89836853839316,-16.254261984298157,3.3146863341500215,162500
162,220.93195462425206,-30.94927292266433,-0.982472431795445,412500
163,-109.06872293024267,-39.81653737512922,-2.312630946748092,220000
164,-181.33889715363455,21.24936899509762,16.58438557722195,103200
165,2.4119654234803996,29.375213579691785,-39.9622264182101,152000
166,-40.55071089134567,19.94514291807063,-27.450413064310865,127500
167,437.1359162975606,26.31017060198363,-4.659126956862162,190000
168,119.10438131389677,-39.95053133528879,-2.071607160837543,325624
169,-31.037597684893374,-40.00460828053435,-1.9186006312150528,183500
170,457.8527200230721,3.969219767474025,10.049555758642013,228000
171,55.16429267286638,44.08240916473602,16.5069128726299,128500
172,90.69016232550538,27.561407826540112,18.829158422516223,215000
173,296.2499824609612,-9.291596473189468,5.005055546929025,239000
174,-161.02454814340726,15.703191900637039,13.847523273013877,163000
175,12.003960736144336,-12.715768170929397,7.352295660893053,184000
176,-112.05424026842992,5.92792041373391,-27.921847428186663,243000
177,240.02089439461236,-10.153588938504056,8.858160680568494,211000
178,-181.12562236817618,16.757829283810022,15.249836942491863,172500
179,-118.6735048836734,-46.900758660214144,-7.661547756256214,501837
180,3.197209574949865,32.03334669034473,-39.46946714093603,100000
181,-179.20188768849627,-38.91031660917102,-1.211687386261627,177000
182,-141.8896268108573,54.1421690548121,-0.2556647111576147,200100
183,115.8386070826524,5.620470377414265,-21.806008382989095,120000
184,338.61626716219286,-25.710332754095283,4.499683156423642,200000
185,-77.22206802242175,47.69465992830496,-38.51248319600824,127000
187,15.225970633217877,-17.449757810903424,3.934277116844006,173000
188,-41.38376381287197,48.03688298948641,-28.3899869999464,135000
189,-60.39868621230833,-3.759653240439083,10.657069613639065,153337
190,164.76941719359624,-29.500890872280323,0.38547073594897374,286000
191,-106.26094805107493,23.704943548277715,-36.90971716727906,315000
192,-147.19929409030576,-17.349124111042485,-26.78452386935583,184000
193,-144.28316244779347,-34.17767661815168,-1.0025386403314045,192000
194,-138.94931218788278,-44.57988920004903,-3.9600730264036144,130000
195,-180.46889784009343,0.0872268638517902,7.99654713208024,127000
196,-93.34871014576127,-1.4876486000900404,7.9280438198632694,148500
197,395.843325054633,-30.99074625365287,3.6872778640129185,311872
198,386.61073500653976,54.12462705479869,-23.551600505444945,235000
199,45.571390957407054,71.6752141944931,1.6209531200345737,104000
200,16.96758343096855,-36.85655417528103,-2.64224185235021,274900
201,16.510608767985993,-32.396094603143176,3.8475478969414314,140000
202,140.59171310904,3.158711411626751,10.842332616936082,171500
203,-55.977525184781975,53.77587863750488,4.718814486352652,112000
204,-30.164943125800846,-38.340339709434566,0.05569287494640089,149000
205,-146.59938474328766,34.8885607125831,15.451202294643915,110000
206,361.96225820738186,-6.1062639382767,10.068193601241873,180500
207,-151.0357339167336,13.824511821231058,14.64159591705712,143900
208,173.54102373763564,28.268649267150703,22.307512131704755,141000
209,89.20896471685619,-15.293483924242077,5.091726107038346,277000
210,-180.709897642174,10.305594222824068,8.86267956818294,145000
211,-86.13292603901178,55.16386599208131,7.241221013822375,98000
212,-57.022578678826555,-43.16088012203438,-1.5088071287287985,186000
213,97.02614563671395,-40.17825909057757,-0.9760978390526608,252678
214,44.3729349928094,-26.06483834196495,5.23325478278492,156000
215,-144.23037831764785,-3.440958561153826,5.381181114370205,161750
216,-180.15919089762824,-0.35577651183019443,-18.34146391909272,134450
217,57.85510374028073,-35.97068170682829,-0.05037524870789834,210000
218,49.655575944348634,57.656537285849545,12.69583880689251,107000
219,88.98700662777242,19.415514013397814,-39.96873883765815,311500
220,-70.91056338725927,-44.47860300591562,-4.012736446638747,167240
221,204.92477764817667,-36.670382707259456,0.6811564516585783,204900
222,-13.30827625520116,-33.68019196394575,1.2520831700950366,200000
223,236.53975944900236,6.0387043897494905,12.295808307291264,179900
224,35.129416248860984,10.245817442289933,15.29147762808991,97000
225,173.96681674400008,-30.97187691981039,-1.9553149552278708,386250
226,-180.71805531784932,3.4852824843693373,11.595963932650577,112000
227,158.45142894971644,-22.126804643389374,4.3634315922593485,290000
228,-180.5498190792982,2.732903140284192,8.423154855484228,106000
229,-180.931900807426,10.213972121319465,13.502628969538513,125000
230,-16.066262789037665,-38.773070027642895,-2.0881033911971643,192500
231,-61.210125384488094,23.978414760386773,15.028496174646563,148000
232,168.4684404447654,-19.98618944264098,2.901045559810692,403000
233,-180.45874398936542,-2.242200512131342,8.714340480836542,94500
234,184.31345100625168,9.131342667826848,14.383337648512084,128200
235,156.5518059779506,-27.198516300696596,4.336808956675537,216500
236,-180.7773902922385,2.5425930814453936,13.391869916848146,89500
237,57.76087141448238,-33.26386818376608,0.6447412567730714,185500
238,498.43998851386,-10.316310080646415,-1.0083247553325196,194500
239,217.00823232603724,-36.745286759169296,-0.6083448317169546,318000
240,-41.90242926896026,41.926685400024716,19.75846089336418,113000
241,132.97919807211264,-36.7152843568204,-1.0995318970361623,262500
242,-80.28435160108367,13.251138714777055,-27.36792133341146,110500
243,-105.69559380503482,74.50476452474037,-2.5994546038263944,79000
244,-152.14227861535312,-8.565754227790359,5.515612263820365,120000
245,-49.40391240824816,-26.905604343840448,-4.06572860561713,205000
246,56.2375806332585,-17.13805869239934,5.075797836055116,241500
247,-10.111904808765498,66.74354746065738,-4.710917619265612,137000
248,-151.27691478629168,22.87931740650252,15.72574132856795,140000
249,32.86008020225459,-36.61663954388989,-0.5414188982950724,180000
251,80.99430020232744,44.06526936471436,11.259459068679943,76500
252,97.09429037048052,-39.73620473222075,-2.8468306756056077,235000
253,3.7984088869001345,-37.144549229267824,0.45280780054449105,173000
254,152.79498085873087,6.637574313367234,-8.926899306351892,158000
255,68.52755570349463,31.08254636181767,19.553424851872254,145000
256,12.756536608311244,-33.263788013921676,0.22597604878199445,230000
257,92.7001321746784,-33.07765652235303,2.223671181064036,207500
258,53.92434418385843,-37.52937539473722,-0.4938113370959076,220000
259,161.6663798906684,-28.723219626209342,2.5841268249128744,231500
260,-136.39977388678935,23.925716253430238,17.42574922309984,97000
261,70.82470098282536,23.03412723243334,17.39941861116763,176000
262,-30.807143541882223,-44.51149399806342,-4.514234095080507,276000
263,124.22936409114206,-8.94153030594572,-6.922636355380767,151000
264,-180.72618303172382,27.072394092284526,-35.708290702580356,130000
265,-180.81482124064945,27.174664328599672,-37.85901154180895,73000
266,95.81338678929818,-3.7424964049304963,8.689195562007049,175500
267,-9.390537940498366,-30.977344498052226,2.1907229663030665,185000
268,105.3891000241565,25.850883731498175,-25.578270035734636,179500
269,-156.62335231679063,37.19766751346749,9.006967088499485,120500
270,219.6299471916413,5.207084797195725,10.334032762347666,148000
271,64.11939956120428,-41.469003299448566,-2.9976324328272326,266000
272,-98.8138073132594,1.8716994224994083,-30.810654749141744,241500
273,10.121309844449076,-33.320728798405554,-11.1430042987418,290000
274,108.45541738078376,15.029147030664456,-7.3853596596805575,139000
275,-12.078687179323522,-9.532411226810162,6.585681152516164,124500
276,37.46807718457114,32.07132448075279,-43.70129112779472,205000
277,70.69903102663068,-31.421422987057742,1.1390871659505257,201000
278,-181.7449942079375,32.13360755352685,20.742759981755942,141000
279,185.1183213863223,-37.336572028841054,-3.058207347771524,415298
280,224.5368612759978,5.6596050110014575,12.387831698246474,192000
281,100.31956921039178,-16.267752817425364,3.6588658943097716,228500
282,-58.97525953834939,-44.59921073675255,-1.8735102947161342,185000
283,54.98333189709156,-39.27591953012632,-1.6963430294918327,207500
284,181.01975952397945,-36.97491134895428,-1.6577127747509088,244600
285,-127.60719167180333,-26.493666233137716,2.557013447072235,179200
286,-124.88805855588517,-45.989796580848655,-4.943513134239195,164700
287,-52.30898127179565,5.406881274902338,-5.065471480706762,159000
288,-180.73234152834522,0.17398427581439824,13.205652268393692,88000
289,-180.94351145563053,10.254592385218432,13.501169360734687,122000
290,78.10298316124587,41.93033394692983,-43.067273300538645,153575
291,-127.75349912076923,-47.442801378835945,-5.9784165850450615,233230
292,2.79177211626189,45.76643800934939,-39.300308864623084,135900
293,-20.418456480073015,10.748774497691173,-25.63380626893104,131000
294,70.36782189379984,-10.748384321150528,-8.992666613858576,235000
295,-71.48212402257484,30.57073098273632,18.545299708045025,167000
296,-59.88557266257942,-15.179937337164077,4.4813020896339415,142500
297,107.24638594054464,38.07717686058571,23.05968877977515,152000
298,28.64346477944995,-29.273183820656804,0.8061029493929608,239000
299,43.305012344224515,10.832694646317496,12.250109426979048,175000
300,-143.9804281757591,5.987231074449975,-32.01922302238031,158500
301,-181.36580802128145,23.574560839187228,17.168513280734363,157000
302,78.7399813406074,-29.43937580704005,-0.291365141297657,267000
303,369.634958018968,-25.33710427958712,4.211730876147289,205000
304,75.46361264032217,5.292153433805522,11.237418575327908,149900
305,120.66998669617666,74.0764807426249,-63.862962959340074,295000
306,-10.941193793646168,-40.342638982781565,-3.7854279102411157,305900
307,215.20611684659656,-13.972434987109901,6.243915709782847,225000
308,-38.084273578579705,60.32922346388408,2.069336630941135,89500
309,-24.053589823931436,45.78783798101163,18.538096219836234,82500
310,204.03013624145015,-34.14596553954393,-1.958422659487818,360000
311,73.3899312302627,-23.41975428290328,4.08144129686936,165600
312,-180.23174975026842,8.2668514707133,-28.222222687592353,132000
313,89.24213618850139,45.11735780481134,14.289621159363978,119900
315,53.18641231756941,36.512645918962384,-30.42602655388639,178000
316,-28.092868224268503,-37.80710414792741,-1.9237891165899283,188500
317,302.8074401729397,4.404909123292172,8.747978331525127,260000
318,75.06921468735472,-39.79721347475903,-2.478103378091383,270000
319,364.1442460760051,-10.356865561183893,9.020792158015487,260000
320,100.7097944491639,-0.8885625813817001,9.84625035094507,187500
321,215.10481063208667,-37.210989193246824,-2.1434099259838773,342643
322,158.9521397205309,-34.69977922689449,-0.3778836242302118,354000
323,117.10198937217643,-11.603700086828384,6.186322991170434,301000
324,59.76264029285542,5.0456876440442215,-21.41371190635639,126175
325,60.307576293585235,-2.9483279839668564,-23.366200016301534,242000
326,62.149918339316024,44.3212524564254,16.685957121154594,87000
327,-27.480838506121323,-24.255374682863668,1.2274958685692283,324000
328,-136.0197965052711,15.252796975286223,13.84566759256773,145250
329,146.6846010769458,50.488770622911765,-31.594055566165256,214500
330,-45.38117913185928,62.53430413491039,7.2970380739534395,78000
331,-26.103030775744138,15.284726608616708,17.384960082642518,119000
332,-180.2944664931696,2.022835474765872,-14.13363551193138,139000
333,-178.94714843182805,-41.59653682388728,-5.305382652892024,284000
334,42.88001404329474,-36.50028096178479,-0.31003886451594,207000
335,-41.41038143753239,-30.645101585733507,2.0610238577927724,192000
337,50.16710598235551,-40.251414827290986,-4.681376015581924,377426
338,86.7743889055857,-32.86260151404082,0.271697082980381,214000
339,-26.34486451359043,-21.769617296427356,-10.595941021334164,202500
340,53.79721879684237,8.360842170640476,-18.30394416646575,155000
341,-44.188681371108345,-33.979391694448154,-1.7439574656804269,202900
342,92.00319104803106,41.01703806095396,26.183407559104094,82000
343,-181.776187838325,29.694071330928267,21.594810632035113,87500
344,387.86533014281366,-27.898577024390683,1.7301079363574214,266000
345,1.191451024723793,4.429609282390248,15.938206057903097,85000
346,-181.6664582583931,37.071461863516824,11.5353750478682,140200
347,-179.82521477327694,-3.784527307325491,-23.521948358441644,151500
348,-141.11908164078383,18.981150335181248,14.84201631125347,157500
349,-152.03196565213122,-41.6048765049517,-3.8349312179592494,154000
350,-178.6193121699368,-48.786012675441675,-8.61766775691024,437154
351,85.18489662206802,-41.23670801384615,-4.11919321934806,318061
352,84.12326719340916,-13.555297804342505,6.255038377026501,190000
353,-133.76091401887882,39.568089434415455,13.99284773360248,95000
354,-74.57690508121632,29.367392472284916,-40.000175817840805,105900
355,-72.47720417629618,16.056287840985725,-28.026797801471677,140000
356,-153.45010215417378,-31.326025232562248,1.0462704146616284,177500
357,-33.66555019024279,-21.278198571638477,3.0165740767809104,173000
358,445.21758045142275,13.32882200003336,18.8004129762583,134000
359,280.46167277605764,31.6400521872676,23.889000440155677,130000
360,477.5050000182113,-17.9673105764142,6.451136181533607,280000
361,11.766449379374508,-3.6247221379132455,8.129850720881475,156000
362,-181.03378378439155,24.2264932378722,-12.46298568059151,145000
363,-2.2015055292453365,-34.916123856924756,-0.3954158889417336,198500
364,70.39021348714704,-8.162544014377387,-20.81832015368672,118000
365,236.50151980225493,5.0038564261845275,13.743747159882677,190000
366,164.80321914578252,46.2340948809856,-31.60411625147535,147000
367,79.86914727479333,21.80502929308701,17.18949078223361,159000
368,-7.075897156721948,19.104176750267634,15.820335932304904,165000
369,-83.49675299322531,30.333254979652,18.25530524167377,132000
370,382.676318008165,15.609087337904974,-17.07008994047935,162000
371,-39.2550060752529,-35.80188046856598,0.5448720171061913,172400
372,-122.3815207481461,20.833107404008395,19.155179933885442,134432
373,262.62222476608315,0.6846758898865618,12.712671025651712,125000
374,-115.48893958873074,29.44591301640994,17.79791012966154,123000
375,-31.056319452397318,-39.114966310961165,-2.4198619750343227,219500
376,-182.63007840249938,58.18681471329675,13.332227577255379,61000
377,-179.4395041199038,-34.39162205854793,1.3848619784709415,148000
378,193.93187440960014,-33.88074935972385,-0.7941239921319263,340000
379,-66.11210774343755,-44.2456285771716,1.547724327327799,394432
380,-16.401010494168787,-31.078986153837374,1.9848996824948857,179000
381,59.690935564127955,63.13888105773469,9.65894107465851,127000
382,157.97220263431706,-38.18655050421283,-0.0697353821306846,187750
383,18.007495421036158,-41.13600446140662,-1.8812010424689443,213500
384,-91.29828359063718,54.52848555740276,12.450596884768812,76000
385,267.1841875738098,-14.353216375531744,8.657934809601903,240000
386,130.82130419206922,-31.836835173521695,-0.5283393607946621,192000
387,-30.48458344706401,46.8454291593456,-33.67721990398081,81000
388,115.51252379713779,5.050515994764884,11.183526761128023,125000
389,-34.30122959840881,-32.42610895924793,-0.5750535591058521,191000
390,151.23421307549927,-38.87558551843223,-4.998491770898324,426000
391,59.433911700345135,80.89903574341254,-5.20808833832191,119000
392,137.5873442936342,-28.237719590823456,3.171354143636817,215000
393,-181.03363262007187,16.479621192248565,12.354565361767467,106500
394,-181.79417903224927,36.114385559571176,15.446260150177718,100000
395,-142.73768880066874,38.82822286675276,12.983822331350392,109000
396,-137.38231951552396,26.021181677316104,16.738005126055093,129000
397,34.191152419056976,8.7916864710987,14.63424272165647,123000
398,-13.111804399502075,17.97463721026184,16.791733503752262,169500
399,-182.43755722513595,56.58841150685906,8.911499238107275,67000
400,-11.0300823432787,-39.922821506038005,-2.374112766860783,241000
401,194.49921824950735,-21.32349354170571,3.541521641695918,245500
402,-178.84420833021318,-47.40998667167703,-4.858420778824159,164990
403,-12.55160392048128,21.47327354988853,-26.83608699926657,108000
404,87.74589073857183,-29.95649163987692,0.3162537551010784,258000
405,-139.4367383636043,-31.266864773348512,0.35523101528782675,168000
406,17.693095074240397,-4.608680770241643,1.3126223182594159,150000
407,-181.8337901931017,42.49152722213276,10.810329049302464,115000
408,-21.532035528659947,52.79363075769997,-21.754523928217857,177000
409,74.99636818690371,-39.47962469550458,-1.0231838439380634,280000
410,-76.78919661754966,-45.16125180024309,-5.629959710652896,339750
411,-181.46499976737303,21.74118774424426,19.346327153803653,60000
412,82.54166893382644,29.13017818159087,20.542542328750002,145000
413,-34.92394513218854,-43.053533222623855,-2.618815358129151,222000
414,-52.184455104338205,57.06847323927151,9.3725014364006,115000
415,203.28258994447404,-16.590455336230104,6.133537629373727,228000
416,-48.89871622420894,-44.6733237796273,-3.204789714820597,181134
417,-179.97353239914057,-11.308365636783355,3.013185096403235,149500
418,-182.00859621500453,56.23383034098203,0.30961566346196784,239000
419,-181.69828240076436,37.52066979528908,12.446427714667369,126000
420,88.01935445358376,16.82607805981925,15.768476368601805,142000
421,-179.2769659634862,-34.42238255429908,-1.9767042394499457,206300
422,60.274377049314324,-9.367515237013007,-11.025494456612973,215000
423,-181.4389391838451,25.058364130282552,17.460743234398173,113000
424,-113.19613240876096,-33.66746130113196,-2.001461020017233,315000
425,-137.27750845421608,23.25673054041401,15.993524029764627,139000
426,-54.29796851691416,17.401627562469585,-24.839267121468236,135000
427,295.9966481058659,-7.02430390240332,9.540224485969983,275000
428,-181.3236124108403,21.097684121519727,16.653447266355226,109008
429,-19.91818306603672,-43.77779609038901,-2.725350744679656,195400
430,-10.942584054069686,-14.734864357662959,6.579913368523627,175000
431,-180.59356440503586,1.7440528983628447,9.850454907480538,85400
432,-82.86579799890248,36.33976028251118,-38.73170658447652,79900
433,95.20711670885179,9.226249810732785,15.181652802635003,122500
434,-143.38524437914242,-32.77750947458719,-0.10092358499124104,181000
435,-92.64496366989314,3.354757173334279,11.338522871690445,81000
436,39.58960887752146,-24.916681719233633,0.8669663374144994,212000
437,-181.80024579066992,52.61482754037369,-2.6274912155862316,116000
438,-75.6426602301387,29.704033673009004,-40.39900972923494,119000
439,-146.9932715453033,37.96134223685206,-43.090646765195444,90350
440,-134.720607278575,34.608459237321576,-42.57188090973552,110000
441,63.27344121419185,-41.1408522445137,-5.455101505441916,555000
442,-181.53606666585296,24.344838844190416,19.777602601399106,118000
443,-180.82320111340317,27.587157407810675,-28.497487463873345,162900
444,-18.932721719358522,-42.84474698450406,-3.2710872687325954,172500
445,97.41783638451926,-21.737264750494905,3.302117561857473,210000
446,-181.29755782444545,23.343756788252193,15.642301346889596,127500
447,-179.88056474780174,-6.32318074882021,-19.466318220940703,190000
448,-90.20192532233649,-35.53458902754772,-1.8278074611899908,199900
449,-181.6117724500112,38.40861287971408,8.815195218615095,119500
450,-4.508932897631101,12.19878897479614,-21.93930281171176,120000
451,-67.31029901077017,21.519151582503103,-42.12641842482447,110000
452,73.65752699020364,0.9760651900115462,10.143503136242712,280000
453,86.46999936598623,-25.746512282921767,3.5360948702257864,204000
454,-148.81100754281738,-46.64498009294842,-5.929749191583934,210000
455,-180.33288455166453,-7.437696381228711,8.772932518244135,188000
456,-180.24380896087567,-3.2260693996993153,5.283879830010911,175500
457,-86.38986728916393,63.387916459575116,4.451397802258043,98000
458,180.35519683276726,17.338626668008985,-10.010587415957065,256000
459,74.33096503589773,36.63237913668138,-36.32873425786032,161000
460,66.1046008343742,39.84904894486024,24.597226749052236,110000
461,-28.823269167270524,-44.43479626692839,-4.382962392038947,263435
462,75.89455724014678,22.57356341126638,-42.00478064227131,155000
463,54.86173083508017,18.978639635854286,17.47127783583409,62383
464,-180.55611761926426,22.215350660205754,-31.1005058453472,188700
465,-180.40219429905935,-5.913445794547289,9.062048667284357,124000
466,-15.014724278056548,-40.83987466769143,-1.9962997066288346,178740
467,-4.603967308651095,6.764080416088244,11.155307378369935,167000
468,-12.558113541432467,19.463320056345037,-23.117335694080282,146500
469,-134.7991969073869,-46.31698347112441,-5.689407015684494,250000
470,34.292993461158346,-21.471938150720533,5.031394568909864,187000
471,14.010058149529558,-9.28077632065922,5.579381214656861,212000
472,95.76219368665096,-0.010481322579601406,7.954031923855073,190000
473,-151.0589932349707,-43.35522009144473,-2.1846780908391663,148000
474,134.08155922961006,-38.65139008682919,-2.29078730010916,440000
475,-35.140847422735725,-35.189898179919524,-1.8597668296427816,251000
476,34.957351501743275,17.871168713130043,15.768010920855241,132500
477,-0.45854002848169223,-28.520624395218096,2.2251070728870106,208900
478,319.00764547351764,-32.71232725388222,-0.15164227080699458,380000
479,73.06880600798274,-39.16107856879485,-2.8674574946832716,297000
480,-108.61257997432314,19.150465833467734,-29.026308704206375,89471
481,451.90757051927807,-27.781475393209032,1.5595414888938854,326000
482,76.10566792129157,-38.12479879328303,-3.891172779742691,374000
483,-180.5121648424046,34.409009756488466,-52.13822032035269,155000
484,-54.34035606712178,-33.6647204221398,1.1438808744545874,164000
485,-47.99425816597214,-2.0114973181162226,-19.236119544082204,132500
486,19.78545085595888,10.496669111945435,-28.116608200584015,147000
487,-180.72647194366292,8.071891417365944,10.224986440918117,156000
488,223.2227085605031,12.806211884268391,15.712303455773416,175000
489,-40.209512954852,66.96268574960847,-18.233162432661153,160000
490,-179.86152415342798,-10.718019356947643,-16.775948789447444,86000
491,-15.459771027379524,0.131815565060704,10.461108707004232,115000
492,-149.44781837463654,35.46322358218081,9.518159346607167,133000
493,-178.9036548705464,-48.18835459550145,-3.8072286467845395,172785
494,-181.0764607472162,16.590766405934836,13.856394927983777,155000
495,63.28063121478532,27.44163733623665,-25.37969316902898,91300
496,455.2101190724435,78.47561466965655,16.53238512003568,34900
497,450.2415457490038,-9.866463312932419,7.662101608814378,430000
498,-81.91751132406007,54.26772760916543,3.7177907694454584,184000
499,-115.86209189209413,-7.25485828483702,-19.7365749970153,130000
500,116.418750295203,14.181946155924166,-5.193332489034521,120000
501,-8.567949327333737,3.055626392743757,11.39888715250131,113000
502,-71.01971189258575,-41.267878377705124,-2.4699981346921556,226700
503,3.149714728324079,13.904954996636569,12.986583562119398,140000
504,35.017240222301915,7.508350197140156,-21.037859387481266,289000
505,79.35381533847917,7.024846218769145,13.12247989218429,147000
506,-181.57022431680906,29.09625819298236,18.49758604056455,124500
507,83.54773464793624,-23.877038581655977,1.2845940748937719,215000
508,-76.96414290951022,-45.16528518701715,-2.1989160164942145,208300
509,-64.17759873877758,24.87892587269579,-46.716597796593895,161000
510,130.62962218087426,28.912886968562542,19.419049498610548,124500
511,353.42409094857845,23.265439106214895,-16.614024808703466,164900
512,-11.942407618969877,-42.57614185313829,-3.168970906746307,202665
513,-181.1642254096581,16.934523141384823,15.34782168261719,129900
514,97.82164695063999,-7.1603596521234385,9.367020330821983,134000
515,-70.15567027477215,53.82114817561342,9.046317246403438,96500
516,31.324974602677262,-43.4463554388741,-6.320817182775343,402861
517,-76.53764494131016,4.513843156283139,9.607609468159529,158000
518,40.498215422350334,-24.83085262161413,2.019468266599571,265000
519,-143.31694537384277,-35.066803493992815,0.09766669346757254,211000
520,-35.300805050796214,29.361718183482097,-45.997398547088544,234000
521,362.2466844976377,67.93963572721866,-38.79058703881074,106250
522,-141.08711200710732,20.026347938808854,13.41737093067375,150000
523,-121.33482377934219,30.92221334659656,12.67765442925872,159000
525,119.55371577884395,-25.21263219384996,2.5735337894479096,315750
526,3.0179666141725416,-41.581269186608026,-2.1058284268222836,176000
527,236.66248370183456,12.685001519228223,-16.808584494344377,132000
528,13.266759314103655,-43.67748086286698,-5.201519171619806,446261
529,-36.96553375969503,35.41682637137198,-37.57894645563096,86000
530,18.997891342918233,17.69621176282226,6.146416845496674,200624
531,44.097635552640384,-14.947613095136472,6.214935054318913,175000
532,-96.72379072635307,34.83524748202669,-41.53039538217855,128000
533,-180.0646736782032,1.4814814409664245,-28.528649735362897,107500
534,-182.04548452149635,34.49303907799506,23.17109332350791,39300
535,-43.90219173274622,-42.141607932279484,-3.930656639702517,178000
536,51.575078705856875,52.9169363847566,-33.34825738073765,107500
537,95.57541211037919,-27.059066836777497,1.7736120084858917,188000
538,35.1563770686811,7.860410701341894,15.755288067375265,111250
539,284.9988851034003,17.878204556924487,18.921561316490315,158000
540,0.7901867240444729,-31.876125283416677,-1.4008382459398294,272000
541,159.02670489467008,-35.086655591957616,-1.778350031110741,315000
542,-123.07500625993585,-37.85007427747855,-3.3426872633002724,248000
543,-28.366620141277206,-29.60520613099183,0.27147685897062124,213250
544,-19.33807371109188,-31.519801855024845,0.6383558793316403,133000
545,-54.868251949428426,-44.926374634992314,-3.3109161178457422,179665
546,-179.61753422208378,-24.428471065068695,1.3993900422351397,229000
547,0.04283992176212333,57.175725790710004,3.6875273168353093,210000
548,-76.57465262115073,4.571572568000289,9.943688328162263,129500
549,9.626975550536669,10.21480817198794,-16.256202390103592,125000
550,184.71631130481066,-29.72309300974635,1.6305709526048928,263000
551,74.61517705224698,1.0839706898616142,9.841806811999097,140000
552,-181.22823178908004,20.65715903787313,14.923585354729587,112500
553,29.009432366427742,-38.56998047184933,-2.422815363000562,255500
554,-84.53013416277219,11.229966237019685,-22.50612322179621,108000
555,202.76706491453405,-30.675988365909266,1.6533879312103468,284000
556,-66.10086245585386,55.6684630600214,5.370231880162599,113000
557,208.55336306173484,30.35392735792905,21.755566289572577,141000
558,-15.271274942301302,59.40044056400089,6.999748050858634,108000
559,106.50319804717492,-24.11744734241903,2.761383749528803,175000
560,-16.0290517973468,-40.02261608246306,-2.488245868270819,234000
561,-85.38125493174243,7.853527545711278,-15.372389805820623,121500
562,97.43212352559138,3.3753517454601676,12.942574153157162,170000
563,-37.35947796679653,34.430709393721564,-0.874978196425356,108000
564,69.85515309478647,65.08781591439458,2.763579690229568,185000
565,-139.24999299001368,-32.39253561425388,-6.184670482752222,268000
566,19.42616106271977,70.24579481689496,6.661969199811511,128000
567,4.161407954637743,-40.63885488262487,-6.0065158141805535,325000
568,-179.08669727475652,-40.610714869078485,-3.023555395510474,214000
569,209.8787477797842,-15.83152591134598,-19.8615477129651,316600
570,-138.21766240061694,-10.195763569763088,8.331372391596158,135960
571,-180.9327226796093,10.18703170072836,13.46136948031437,142600
572,-13.05494653038875,19.98029278756326,14.338999592378673,120000
573,142.9733394219528,-38.59647642777762,-0.30230303322031593,224500
574,-79.19766912825035,-36.03045336022597,-1.1699080728657052,170000
575,-144.64708007006234,-14.75131651226121,-19.8609919507002,139000
576,78.14389696966965,41.20321104808268,21.557480865630595,118500
577,-131.75721070992236,50.95730896158337,2.657228491978471,145000
578,286.99263320452343,20.298285483510913,18.115418178783944,164500
579,-76.94770408626005,-44.001708736828796,-3.364023620442741,146000
580,-181.43060219942572,25.028677944687093,17.389417204124115,131500
581,145.53744317837067,12.170696113067404,-5.783115254346558,181900
582,-88.79180712796364,-45.44750168797151,-5.860718766272129,253293
583,-147.70484235688858,-24.19042880023892,3.0316688749244776,118500
584,426.10586972723934,71.17835847401876,-59.236373698313045,325000
585,-6.936523633588223,29.14255478454695,-23.58840854351864,133000
586,213.02707479562375,-36.17880108519163,-1.0566816951288944,369900
587,-68.8480516873842,37.422684054324236,-41.01420765488976,130000
588,-180.13284197142386,-11.75074556833626,6.183092152730221,137000
589,-71.77506749964388,-6.803456077235608,-19.217949654886674,143000
590,-181.71941543979892,43.09175472436143,-0.2902426671008261,79500
591,-134.02460627704835,-41.887682118213974,-3.0786930128096834,185900
592,476.99766634885697,-28.276961353579278,0.9044802425157991,451950
593,-179.4111700763477,-23.692341356012648,-14.69473851763147,138000
594,-39.264118286701716,-35.889650844116524,0.6582306873455178,140000
595,-180.41849070509127,-3.5112242779962872,8.312683174415461,110000
596,196.03137189987652,-36.677451957277775,-1.3080244696842798,319000
597,-23.13699352988066,46.520841857782926,-39.029465085187795,114504
598,-42.91586411870066,-43.56625060210561,-3.6361837568364836,194201
599,-180.18547497506415,-9.27725961873565,6.895337603060342,217500
600,-19.164638249695123,-5.856989528809505,7.207848035031364,151000
601,60.0958914723519,-40.419339097245135,-2.6309442540119177,275000
602,106.15817252389246,48.689887373420426,13.632997653918165,141000
603,90.48021443289643,-21.885226234985875,2.618957310980628,220000
604,-7.191363931192927,-35.58312054669175,-1.2989301411613228,151000
605,48.7869536430048,-33.608834958076656,0.5301823067291411,221000
606,50.779102172420146,5.690004924544892,-8.431079336950484,205000
607,-11.675212869929611,-25.10780384474597,5.087412921853847,152000
608,-77.09412375006683,7.079856110820427,-29.00017251851074,225000
609,-180.31236435610307,18.81069059325527,-35.74476515434484,359100
610,-78.21874296457425,17.776268125786686,17.65499056946946,118500
611,215.72366147705335,-25.221261776522635,1.258762599605622,313000
612,-180.10528560232592,-9.569698974012416,5.159030033886456,148000
613,102.74748798865005,-29.630117878114767,0.6071647591056009,261500
614,-149.01873568748414,-46.791741099174885,-1.8640824717122428,147000
615,-60.81963694691284,7.375351327319239,13.719070593395557,75500
616,-60.9149665310374,17.988235082063454,11.819789591415123,137500
617,-4.14202925753598,-38.05015602949146,-0.4490861185967074,183200
618,-181.27571321241138,24.323233275150354,14.238918392745614,105500
619,189.13082494924842,-38.0968707522433,-2.441796849045883,314813
620,-11.027891266296487,-37.27693217184395,-2.2577296867940206,305000
621,-82.68780937075287,66.39917696366336,8.308304844013707,67000
622,101.15963987285141,-5.342951133575784,-9.703469236869738,240000
623,11.50992336305538,0.998655889207644,10.9804739189524,135000
624,-147.22289755980952,-37.924871176467505,-0.7148709897927285,168500
625,114.38503846128708,6.748817757288056,13.262442661704453,165150
626,203.75455118399216,28.16753007057718,18.053191490487798,160000
627,-144.69170293385113,8.328871255504536,0.4409114459955698,139900
628,8.014291135238743,23.399771665483325,3.3499279243213023,153000
629,154.1089305469111,13.720541122050777,16.815742853531365,135000
630,-4.995669071209892,16.532455621781253,15.184322351959295,168500
631,110.91892362725193,78.9546138909079,-45.835982137408266,124000
632,50.083978913113484,-40.66130066593793,-2.779671980111041,209500
633,11.620688079885324,0.4455695117545424,9.544110248795574,82500
634,209.77021976286883,11.226619110168448,-22.30125758448621,139400
635,139.52207000400472,2.2513404391833816,12.268276223065056,144000
636,-71.00472599274109,41.99392104297952,-39.319447118586254,200000
637,-182.2751766879727,45.664535127519294,18.310674568047123,60000
638,-181.56789939523324,26.784330817097427,19.265246800416556,93000
639,309.3705028349628,80.41207404995967,4.812894654527586,85000
640,133.08601080728192,-39.513250650795044,-1.8309153662297417,264561
641,145.8770155111036,-32.80840964798515,-0.6316995902305903,274000
642,55.7833310656822,-33.392035500978174,0.5847894854461068,226000
643,200.20412515699033,0.6180785249332538,-11.145466158089445,345000
644,27.172425517401187,9.826751321983835,14.8353276480828,152000
645,146.16760207558124,-39.522971553575665,-3.1112324234344024,370878
646,171.2365470010716,11.283354495771563,14.940084619955234,143250
647,-154.65876937254083,31.439091648218763,19.363325072605946,98300
648,105.43351039172637,34.829939936000976,20.852304713766067,155000
649,158.8867038452061,21.765746054201756,17.57032159567139,155000
650,-180.69224984608522,2.3032212323729344,11.528500517962994,84500
651,-178.7614106591948,-47.69350065656929,-6.987318333262376,205950
652,-62.010079907732425,44.68571045933633,17.871299100679195,108000
653,-59.47701421593448,-27.37962335712754,1.3005675890976607,191000
654,114.65010296882959,56.14067155532208,-39.7137577420614,135000
655,102.65712496235294,-23.53187599586823,0.15348374703927894,350000
656,-180.69004216095465,4.515715824322721,10.528502363139921,88000
657,-179.8815919996084,-4.53984798380152,-26.48994936643824,145500
658,-68.56869963849995,25.978457937764986,-34.97241763849031,149000
659,10.219048569129992,40.49483638330516,20.207325809559485,97500
660,-179.99766020004247,-4.278157923512872,-17.99066289766027,167000
661,184.76347263872137,3.6436287940019176,7.628967805910052,197900
662,413.77291949404923,-16.82620075204643,-5.861912851574087,402000
663,58.9041259023521,15.41929150416763,18.478583380030358,110000
664,-0.8039506197836608,6.6677269674459545,15.156390350972291,137500
665,279.9861673730925,-34.09608162647932,-0.036284562130851336,423000
666,132.80084617633048,-31.24093091363739,0.2676141082303347,230500
667,84.38701221405235,10.10899995251726,4.0171538640609885,129000
668,86.41423562716099,-23.124550711404325,2.1701204525323297,193500
669,123.41242408692703,14.125945137544612,-6.59864848540371,168000
670,-115.22314745013472,54.82308253128179,7.539716442254494,137500
671,-44.157972900286524,-38.77486019540761,-0.2252264305367809,173500
672,-35.09477687148476,57.50649972070267,6.635683806121076,103600
673,59.738464686711445,-2.1423988737883906,8.892143253750135,165000
674,107.02696968903251,5.052467951935629,-23.734184072589645,257500
675,244.9750826871871,22.601302240325566,16.878540278432098,140000
676,-152.22267527015111,-5.9961426717102615,6.279681198968328,148500
677,-92.87809663914878,75.67608763051267,1.1405766599126927,87000
678,255.12029040003833,40.95238483373311,-37.354715953799506,109500
679,224.9815611336176,-35.24516045375785,-0.12185806670892085,372500
680,-181.07274154398831,14.23924898588448,14.617890002574777,128500
681,-100.30783809083,-5.283293741858209,8.517852876481417,143000
682,-124.83979616623586,25.897407069693177,-30.041160889518913,159434
683,127.39745532275785,-23.075705518524924,4.566770284005846,173000
684,122.9489295846401,-33.431763578446514,-1.5949272962514984,285000
685,-98.41164754229608,-29.910374439576124,0.3785518742517686,221000
686,39.022758614387655,-10.93389940261594,6.6119208292722975,207500
687,70.12789752902522,-41.365133204776114,-3.522631878914673,227875
688,-118.99950857605373,-42.724782283068535,-3.200551525685267,148800
689,-38.68173394902442,-45.33070642207827,-6.825332659160265,392000
690,40.911657007242134,-39.32680812542853,-0.487212958511799,194700
691,-30.166696840410953,-38.33597508625093,0.05815570881701827,141000
692,252.81433916457144,-20.344609767271574,-1.9860713343547998,755000
693,167.26264633173176,-15.609296601918137,5.524978134021287,335000
694,-69.68681689667915,47.98369088774765,-10.189722715374685,108480
695,-69.94882611565924,47.287277446114366,12.948254607822694,141500
696,-54.72941012261731,-19.242972601423613,3.4385256123501025,176000
697,-53.068517503159306,56.64212055470417,3.6691695817511607,89000
698,-181.28086666772316,24.39529450592118,14.559883134753987,123500
699,379.9493286798222,8.555124311709804,-18.282123020586326,138500
700,134.7958631299297,-33.54549426649523,1.0891539728744333,196000
701,168.8962646227097,-33.05296914258075,0.22330443783389597,312500
702,-180.51151835453962,1.4129083435070247,8.37481200677117,140000
703,245.01796588656373,-35.95885564190401,-0.23507085698063798,361919
704,202.46353843731902,66.09380862912816,-42.209351545237254,140000
705,-0.1707797570608512,-35.55780950051324,-1.0853414321994468,213000
706,-182.23327301688946,51.37237866906962,11.69429896543165,55000
708,50.998016683663934,-37.95489924642497,-1.9903602287392168,254000
709,-54.88479091179242,-44.80960869177075,-3.37527144962357,179540
710,-180.74776970300297,8.264966981743518,10.144545326417898,109900
711,-180.75456153479792,19.450046112971847,-30.351057943166374,52000
712,-16.80904356618051,82.10166431794222,-2.1577681244864313,102776
713,108.21360194163825,-13.68886348202568,4.288929227724485,189000
714,107.11930668888678,9.9956260147921,16.871515047200226,129000
715,-135.46437712157265,-15.933718985909135,-20.11533983914342,130500
716,-180.4802750024809,-0.9920300337546615,9.057749417129592,165000
717,9.739455716179638,63.11315109293049,-55.82710256358171,159500
718,44.04277096346446,-6.7062629301871475,-10.006509108759975,157000
719,440.1652996282352,-9.814059829413425,8.988804188211347,341000
720,-180.57662074201738,1.6926803342936323,9.852224182655172,128500
721,196.0864387158223,-9.088986949673284,6.868686677987223,275000
722,-19.27840301021694,-35.25381811074061,0.9627770470834073,143000
723,-180.7144709648929,4.604719165164837,11.080283166149105,124500
724,-25.11201363370348,21.542959238940504,5.0612101797273485,135000
725,212.05730568733836,-35.20723464156404,-2.182550415953683,320000
726,-84.83644488113336,7.881030845814265,13.798078182596305,120500
727,338.688737165296,-14.5418062813978,-10.960333006794075,222000
728,-46.9891088137267,-41.9286154406211,-2.4104265977570294,194500
729,-156.3100292000022,21.7075184839525,16.761112098157135,110000
730,-47.352669528200465,58.374593596552735,11.101401047796685,103000
731,209.3734129211481,-17.291573041522764,4.001035388201662,236500
732,2.910146262326153,-37.76588730587615,-0.8997117280025861,187500
733,96.60171703151232,-27.192204279235355,1.8260257524813424,222500
734,-15.633567700412609,11.34125717317657,-1.9899293180653408,131400
735,-33.86317011018317,9.446659682694534,14.28408498861893,108000
736,159.40188879038092,58.848631889596156,-17.13817144986001,163000
737,-181.75608176437262,28.805615827180677,22.03045944466314,93500
738,-62.84327875989122,-44.077276726100806,-4.60677470346957,239900
739,-60.01933406488829,-14.993022592637907,6.817566068560045,179000
740,63.793364076773344,-34.298124656302335,0.290716892609333,190000
741,200.78910958391467,51.114850008962975,-40.68466615280931,132000
742,-11.997521363833213,2.775534674417888,-18.40719357647427,142000
743,-4.234239269435743,-34.10619919665441,-0.8311477313658847,179000
744,221.6595662363754,9.338261666588103,-10.749783091403794,175000
745,154.37905294932938,-18.482954167979194,4.007281894554778,180000
746,24.71398677784865,-11.275389871045112,-17.95113737858718,299800
747,98.61797580735474,-27.980470435655324,2.324686409440045,236000
748,385.23562277439424,84.34702803287722,-56.10180102628657,265979
749,270.28143552529656,-15.9333484165816,6.879337291828188,260400
750,94.83097559607563,45.89380452333663,25.009698364246137,98000
751,-21.275797945869492,47.92230746070042,-42.668500561501055,96500
752,-131.03871516196108,-41.69067670641504,-3.070057807794193,162000
753,15.58041070174226,-30.182932646369206,2.5889243834548017,217000
754,65.07690577835596,-40.11434127390055,-2.6146414480244613,275500
755,39.311232800762724,-5.587240878084552,-20.996856852845276,156000
756,-155.3663003472312,-34.06845711818883,0.2990530545764329,172500
757,70.01738323986919,-38.636253230642595,-2.12417800539161,212000
758,154.4492647962456,5.307071495627726,13.174304050335788,158900
759,-179.23124399449014,-36.471819568105616,-1.9121850159781377,179400
760,140.54135478129513,-22.983370720898538,2.5959816352367704,290000
761,-181.08888841037003,18.88812080227532,12.811634127527615,127500
762,-182.20276715422196,54.64825946387257,7.1285791810079875,100000
763,34.99936432344625,-40.663387697942824,-1.5744213537521163,215200
764,128.64919543265498,-26.164664432518045,1.745962833349797,337000
765,66.65060261567959,-27.00977414196093,0.3257450175461922,270000
766,-4.758735348087889,-44.00244313555982,-5.508741390897847,264132
767,269.90688625672215,-4.971472348962119,9.809950731918088,196500
768,220.06353962996118,33.96358070124097,-13.763750899917442,160000
769,-25.960751252263073,-41.77824191515987,-2.993239260459924,216837
770,569.5341719809958,-16.597191834359236,7.4404933078165625,538000
771,-60.28572326283963,-7.717291198626368,9.529758416519948,134900
772,-181.57031555500467,26.809816097394485,19.34654656041054,102000
773,-36.524430871473164,2.1211205891425604,10.974614263252642,107000
774,-181.2152647713896,18.29635358404659,15.672638025305337,114500
775,181.00528354962395,-36.55273726283205,-0.7780147389897587,395000
776,67.44975362599844,-25.883870064663224,4.124998474144369,162000
777,24.03972832298253,-41.56539445278258,-2.5520255048730682,221500
778,60.41927655604925,2.8106700133610114,13.23413310823952,142500
779,-180.35020227633592,-7.217497782530956,8.687343408990808,144000
780,-180.21443647132216,-9.149484633861183,6.9782088889838985,135000
781,61.50804625022546,-25.392628827632706,2.047226099239968,176000
782,-55.60921270469325,-25.580091141922463,3.2460829671838716,175900
783,-146.1828364759693,-37.23531048599384,-2.6822037310536313,187100
784,152.4981659328343,3.7742036222923456,12.78373871053988,165500
785,243.80064293859112,50.64141890802183,-37.27077133725105,128000
786,16.079353789064243,14.555837146215271,14.714926883723857,161500
787,13.52419782147771,69.67245269226568,4.772759991009587,139000
788,-134.105204688909,-39.229150895619945,-2.3627334449720543,233000
789,-180.2701896960794,3.363000437627255,-21.872228627826136,107900
790,121.34991656147035,-4.085756921264556,-23.62079451896362,187500
791,-63.0379557214071,-40.21247154729838,-2.814243543294207,160200
792,-60.36736159990656,-2.7601324100436653,9.523462912681614,146800
793,130.5357294196003,-24.765801303167393,2.743908770601359,269790
794,119.06448833293047,-39.7257923249325,-2.105894323035253,225000
795,9.485654159383264,-24.81586530876374,1.067323258682102,194500
796,73.69942344812142,-0.6945992000131741,8.51818777652819,171000
797,-42.34908588304178,-3.4149176248002737,9.360661917196472,143500
798,-181.48898510200868,26.378049907321195,17.8956014650813,110000
799,43.22241550408475,-41.80289882024476,-5.32777867034248,485000
800,82.172214435188,47.93718965779952,13.544918409407261,175000
801,522.1619350480506,-11.681329113721226,11.113198568647915,200000
802,-181.24306877714017,39.99801098178657,-31.653241320948304,109900
803,-124.9613557158873,-43.054819534004764,-3.294681916205193,189000
804,235.09172936106287,-35.80295393885895,-2.353371480100976,582933
805,-181.35354514373842,22.41126634333206,16.788489541573885,118000
806,-118.86145159389314,-46.74717723679716,-4.349931283157219,227680
807,-112.78962345538804,6.809209677007927,13.086104026415956,135500
808,131.03760836971176,39.23054159847837,-35.03707112856015,223500
809,-180.7676586513496,5.983055045979724,12.451035172487186,159950
810,13.50770942117612,76.59917030039946,-14.624081569798337,106000
811,85.21599062129997,-8.955777128833693,-10.460154792608114,181000
812,-39.15597151595482,-38.64588276301153,-0.08352338013890467,144500
813,-181.62930611315014,30.531688439843954,18.953654634009542,55993
814,93.78514432511653,26.067284641848932,16.693991693607394,157900
815,120.76624773834615,64.67285679857781,4.899319636500881,116000
816,-145.38597071424203,-31.382463256697903,-0.33460671377242235,224900
817,-61.33362380781983,25.680346788948683,17.15914987261561,137000
818,29.887234860116227,-34.58245878719463,-1.2042753618223054,271000
819,-180.4808943858771,3.5441939687313533,7.055990414539342,155000
820,48.035945849827826,-40.860332936245314,-2.1783824385550163,224000
821,-134.0794913051769,-40.441810105026924,-2.7731453279199094,183000
822,-37.77925335387742,32.96814302864532,23.06368684713234,93000
823,-31.076947195530963,-38.67833811235251,-1.5465479150764716,225000
824,153.19352747833608,49.788543617756226,14.746172555048199,139500
825,-38.82152080174746,-44.642441581265054,-4.585647466930337,232600
826,54.29395763033152,-41.88681002324619,-6.432765811963272,385000
827,-66.16054526695434,56.60074318888944,7.057029391689644,109500
828,149.61984563402402,-27.720314790873754,2.7884597611994546,189000
829,529.679216960719,30.84703621613175,24.10645639133886,185000
830,-12.986636720698153,-42.02918391201974,-2.3713466838165047,147400
831,10.685623274758786,26.45035053239089,17.975277021947413,166000
832,-12.987405725177755,-42.01946135735281,-2.364375796166485,151000
833,51.84960737787198,-32.64823922560446,-1.151222061301431,237000
834,-28.94739448434696,16.813813492966165,13.373350719693095,167000
835,-181.03776697866738,15.216360031277631,13.47593278939219,139950
836,109.26470978821997,20.7498806634151,-14.28806992045419,128000
837,164.8088005879869,30.469285633255993,2.25529406258819,153500
838,-180.50071994688224,-0.9519104706715062,9.106507698115912,100000
839,98.58614202033769,-27.109923610495855,-3.942931930826373,144000
840,-180.51444051539696,12.505826040676332,-21.968157287582663,130500
841,72.05948146840787,58.76239909295236,4.364899498378648,140000
842,34.8176745846783,52.132492134978165,-47.17089325725587,157500
843,-51.69467440913295,11.630336121110915,10.160814262455242,174900
844,-181.15970093597545,14.68798885371424,15.946497634840794,141000
845,429.5154825500893,79.16380204555945,7.486360130686549,153900
846,-180.25150504057225,-7.652477236264239,4.469641246823611,171000
847,318.1524188732161,-11.654901831116922,8.305970986248232,213000
848,-180.57366173250568,1.6958482302455598,9.813157733653842,133500
849,519.6229129109046,65.3958845432724,-35.92839223955028,240000
850,33.20010949122582,-9.087323809358177,-7.730309576532013,187000
851,-39.17286811097606,-38.58560474489486,-0.07594808805537091,131500
852,-15.976503207595938,-39.91152862120427,-3.086991392916481,215000
853,-55.65857141462344,40.14301117277969,13.341462157506227,164000
854,-0.9531039156302823,17.647449156099494,13.790508052495632,158000
855,548.6583247598323,34.94706297882344,13.350566603711163,170000
856,-75.80895629437028,-3.427817265495088,-27.569072021216908,127000
857,-146.18642403110778,-7.085481658818993,6.073317424006344,147000
858,-143.57115722245538,-27.35095780341637,1.3880311152129248,174000
859,-180.31135024914525,-4.047562402494944,6.870948980675295,152000
860,106.80522884835038,3.5105129200984857,-2.293789155023857,250000
861,59.29737358604685,39.98890965338279,-41.92154276187748,189950
862,-181.09664912783478,13.11980176752367,15.683600326036913,131500
863,-180.0542851166365,-13.617171453587684,4.956451874566054,152000
864,-181.25125544574922,19.64967677608073,16.081287541868203,132500
865,-38.936831691114705,-43.37366779258857,-3.6024091818697404,250580
866,-180.67682505381524,4.470058792550827,10.581011551832756,148500
867,93.0814458571763,-39.72918947966479,-3.006157058077015,248900
868,-13.253503604946872,19.73563892729662,18.692962553226906,129000
869,82.34547031838412,37.40322617433668,19.805504667933384,169000
870,66.30827989071518,-18.67485775539785,3.940787990851096,236000
871,-181.13353246857042,15.685445977222695,14.9099269717439,109500
872,-102.48457280457563,-29.765960907111445,1.806796242991473,200500
873,165.50121035892272,16.362368863570936,-15.673743132580075,116000
874,-153.5327722983831,32.82788958432573,16.283705178007626,133000
875,-155.7950035397645,40.212062687177266,13.944533936059212,66500
876,392.9254060915088,-31.399252318790428,2.069295092059479,303477
877,-181.0466492565959,11.800891767655518,15.336331894529408,132250
878,5.05968232199099,-37.59834060906937,-4.327218735178874,350000
879,11.670844006996157,7.5817994992496995,-12.66829521662987,148000
880,-179.4916380212422,-19.712245115655396,-17.872331702898446,136500
881,-130.0756822130532,-44.16886795238849,-1.60368143295773,157000
882,24.320980627877322,-19.868235162508764,3.292421843893769,187500
883,202.1168609454834,-13.886030890756665,7.464125618086895,178000
884,5.492009429347588,67.39728898333833,4.659874996410804,118500
885,-180.89678131475662,8.86922607466925,13.148652710398803,100000
886,-17.122823748491204,-32.842980812460254,-3.1497364323474613,328900
887,145.81122569591494,4.059058607814551,-18.421383360876327,145000
888,204.5111949693885,35.05348230339582,20.12138866700537,135500
889,331.41247986971433,16.13887285343078,12.447575110818628,268000
890,-19.61996212145533,32.64725743124778,21.051225183460975,149500
891,-180.05735797026787,3.0836345739422453,-31.62146374410109,122900
892,62.55253350315333,1.115703467671713,11.352143126354878,172500
893,12.286236219876296,-4.191952344138566,-23.639667708171586,154500
894,445.1856118094264,44.40620852257953,27.22632535911006,165000
895,-180.370234276855,-7.1604773862239375,8.694869153012931,118858
896,-130.95435866725884,13.953002652985647,13.531462201756451,140000
897,-153.85404400473126,40.98154981302845,12.343345651603146,106500
898,-26.462524739153867,-2.370532103036866,11.025898211099388,142953
899,-111.66715834903344,-46.74519163630162,-7.551988951372128,611657
900,-180.0516256118994,-3.264727466975654,-16.267775987907665,135000
901,-180.6457489526226,0.8772531553642067,11.226961974032582,110000
902,-180.1278127781767,1.4795017392863827,-22.039705808187886,153000
903,-103.9925775055407,-42.262541964316526,-3.041630748826943,180000
904,25.0649551983355,-42.33800711036827,-2.117854655039608,240000
905,-180.7256658633782,5.816023391652252,10.968280207262554,125500
906,-17.63276552281345,32.8579952782395,20.787531832320084,128000
907,-118.79466928769394,-45.94864278810178,-5.39219737972623,255000
908,141.29123665918618,30.895880189028393,-21.308411108105677,250000
909,-16.132123684248185,-11.672962956739235,8.75135444370572,131000
910,-119.10370461924497,-41.03230605220263,-1.4641027237683792,174000
911,-181.24554409574236,19.614060469198375,16.003172389467984,154300
912,-7.092960761711106,-5.625944478619756,-0.8410042479823748,143500
913,49.95213221949067,56.348124883335224,7.137121673800314,88000
914,-181.50871591035235,29.580049781899604,16.60116912868742,145000
915,54.9508407424453,-41.074364517133056,-0.1743403409436177,173733
916,-180.7587789961182,2.5572389421617547,12.724313910506877,75000
917,-181.85763483793403,30.00692513167369,23.384978351322665,35311
918,-181.40245357626614,23.710483373014462,17.431082145923707,135000
919,308.17527241592796,-11.951567300513391,8.101903495928767,238000
920,61.060460632890326,4.76661895425105,-23.705273285569444,176500
921,207.27464987878923,-18.80991407386454,6.979842383721312,201000
922,-111.2104102103651,50.95855473612971,-50.60404101748432,145900
923,-55.98022564087373,-43.6735394480889,-2.3551927368127936,169990
924,-110.58406933475908,-26.376846496902733,1.9342426905471477,193000
925,334.7035443723855,2.3633924824213057,12.044105198851105,207500
926,-0.41423917464157306,-0.8875533743551393,10.403313878861475,175000
927,24.998133566501668,-37.813358098805885,-3.0172963014508785,285000
928,-137.63800027691326,6.636266598677833,10.097127041386397,176000
929,173.6820340007673,-27.27583153428876,1.6411554616232533,236500
930,-179.20955303304063,-36.49211557955979,-1.9838389394836966,222000
931,-60.89937615009807,-42.72778456497352,-4.120153977283679,201000
932,-180.90650304160607,11.23339450211666,12.35690205961727,117500
933,12.19390123671453,-42.18595848121936,-4.899333822552793,320000
934,48.8132449546691,-34.89749308866952,0.1461727821058539,190000
936,-150.0595919232153,48.80894521578449,6.413760923062349,79900
937,-138.11274400150003,-39.33862833687517,-2.3603681051172454,184900
938,-131.00555557899702,-41.86883323594283,-3.05975386948074,253000
939,-88.86456927734983,-45.94825759147281,-3.852994408961173,239799
940,192.24294832611332,51.843079083281026,13.61445808928274,244400
941,-140.2847968146433,-6.4851537096236,7.917870784327385,150900
942,-11.35203923910389,-30.029561180180302,1.0060504317170311,214000
943,140.25113106763038,3.4716794287072523,17.535569530880757,150000
944,-180.8733195662998,6.497772604048591,13.82822319598716,143000
945,169.67360178864755,30.973540818564334,18.652923476281458,137500
946,110.12309279301093,71.73235668074803,-44.1914737577786,124900
947,-95.07415213472814,17.814687095239577,14.860154454344318,143000
948,72.93286819197219,-35.10605960436095,-1.7699080994158776,270000
949,60.85544384815172,-35.78759740589944,-0.11374939488368847,192500
950,-179.58202748288682,-13.800919468350758,-21.692641019435303,197500
951,13.823498212439171,9.622871939713297,-26.195896594258002,129000
952,239.87884374594435,20.5928237330772,19.27666012278655,119900
953,12.211598064374625,-7.5337323856103895,-16.03968991897227,133900
954,312.8800151044407,20.318723971954608,21.105254918783587,172000
955,-180.3032288936503,-6.399720204550659,7.64032767927056,127500
956,-181.47395257069235,31.773038108295907,13.472723543447643,145000
957,-30.214498159794523,-4.856886312938852,7.434950741587147,124000
958,-181.03205837810006,12.897837048321701,14.223264168360604,132000
959,-140.01857801593954,-42.10390252483743,-3.1307592108244715,185000
960,-135.3455371110619,-32.452141040640925,-0.5398244253315351,155000
961,-63.03886039636159,1.8918005745370974,-26.109140658400715,116500
962,651.8266441671869,9.9713960468687,1.9120611651674857,272000
963,-132.2279949159467,-5.4180257075040075,6.579288707861173,155000
964,244.97404552571808,-33.49978361987053,-0.9176138843608127,239000
965,-139.15059651210547,-37.21923294851921,-2.557115458813122,214900
966,-106.97383540374221,-44.28399402176394,-3.687151697592405,178900
967,-111.73802763727673,41.972724515316784,12.688477683893133,160000
968,-181.2309497259244,22.952314775037973,14.253437675490392,135000
969,-182.61969062703116,67.64803323916144,2.529270389058625,37900
970,-181.0810155900808,16.502860396569883,13.923960605592129,140000
971,-181.70274563283374,29.409329302485823,20.33579727415389,135000
972,-152.08502696930395,-40.20683864104739,-3.476939644808054,173000
973,-152.3296548765025,-5.478373003781347,8.028571972446453,99500
974,-58.92200207482265,-43.9807138976604,-3.9094297371198112,182000
975,462.64457859808635,64.65699700277919,-34.488458241976666,167500
976,23.778253737614687,-34.26757267143941,0.11729718252206289,165000
977,-181.8630886479166,47.695680986925076,-2.05136273334022,85500
978,-62.91289111392377,-44.226889736188866,-3.8699675231008555,199900
979,-181.4765862241501,24.068651366227698,18.57319120317301,110000
980,-101.04552547879813,16.388185728500645,14.32610372681646,139000
981,40.48096408488053,-1.9303490058992,-31.155353642262234,178400
982,70.66954441147865,-27.104534693288848,0.3605933106220518,336000
983,-62.93235534521164,-43.702331402113245,-3.1025631427674156,159895
984,-178.99393692991734,-40.89409358057103,-4.582024927231844,255900
985,-180.4562072290283,-4.473947033384852,9.402974143268326,126000
986,-133.64603284343738,31.877590273242074,19.74737119572179,125000
987,213.05113239966965,48.739856023805835,-45.45167370414317,117000
988,84.19481652372643,-40.60725114069492,-4.5319233909498795,395192
989,43.661647353835875,0.07502920966956896,9.274503105058583,195000
990,-128.85733967234782,-47.02232639227441,-4.527744243825327,197000
991,-109.13085848012305,-35.362840391717114,-3.1535269738890346,348000
992,-12.519254030352753,76.50404717661226,-53.797570523755915,168000
993,100.98679808593795,3.5715688192559036,-13.161429745205156,187000
994,-143.94842442247796,-46.23435722825944,-3.772772011871955,173900
995,85.17690042393728,-38.18270253751451,-5.24405193449483,337500
996,-61.63671421916438,34.78325301390373,17.295072548212005,121600
997,137.8427749152925,22.463823217473642,17.704138434088346,136500
998,190.19277188897672,15.465618742886127,14.532096635479256,185000
999,-34.40008486583015,57.921214214162134,11.163308953800904,91000
1000,-13.102170792806568,-38.17652359519936,-1.1603160542434012,206000
1001,-181.8495433434518,30.414164679635924,23.32098051874187,82000
1002,-68.20290639957845,58.745756203772146,4.732025101115035,86000
1003,69.03193984865655,-38.72763807772255,-2.11977511534118,232000
1004,-180.31824257963683,-6.290546526241113,7.596952013052361,136905
1005,-23.062457081818692,-38.98446793833108,-2.199105609912623,181000
1006,29.713116533978425,-0.5996198520488721,7.942179760483716,149900
1007,-33.84465997839601,7.032749027319754,15.629872673344309,163500
1008,56.944413179546,12.833580417925985,18.345105651352547,88000
1009,148.7838413944264,-32.21952874709375,0.7810097265297591,240000
1010,-44.12348161863691,53.28621040203653,8.92912060092558,102000
1011,-73.7124691819372,35.552420355085644,19.609645241016203,135000
1012,-181.05828984748294,13.172146930789445,14.147542238316742,100000
1013,80.11276210756249,38.18952888813658,-33.45982957396076,165000
1014,74.65012285288375,48.999399649441656,-40.69396687784316,85000
1015,-51.605126277365805,34.466300788540885,18.224542901040273,119200
1016,-133.99551828613733,-37.4470345613594,-5.409452203164723,227000
1017,1.5044540218567037,-25.67170387775127,2.364279412437674,203000
1018,-116.89413793456279,-13.420994424305798,3.5197544900927884,187500
1019,-15.619613456045617,-22.395362661568857,2.2961988747619904,160000
1020,-16.94990893381903,-42.404798944448636,-2.3402167834446717,213490
1021,136.6051584852349,-33.741536411480176,5.188702674004346,176000
1022,-19.91569464653636,-43.79210563316507,-2.7233639708265818,194000
1023,9.879548042449583,52.72652206417505,12.128690206182728,87000
1024,-3.0288642123552303,-39.71123177193985,-2.25794535846325,191000
1025,65.80901527134112,1.1564632011484275,6.533588513995209,287000
1026,-84.64078954259256,2.464567761684238,12.04445522466093,112500
1027,-38.32462711003533,23.987073579235002,18.28199874245768,167500
1028,57.12182804536448,-40.991700558971736,-3.466977262807777,293077
1029,-181.7398272384192,36.957826629843524,14.36694921148575,105000
1030,-152.28569873586991,-2.2484411256175725,5.61430336243507,118000
1031,46.95449979371836,42.72583175601402,-36.29812349820082,160000
1032,17.076388824630737,54.942058748872995,-7.256735139972663,197000
1033,84.78695139523583,-24.51993634952998,-2.550520740804618,310000
1034,-43.07756600307411,-39.12634092930602,-1.6140410309086384,230000
1035,-181.661602834437,38.997296855024736,9.950567858444092,119750
1036,4.305612235205739,29.207276549994145,23.432103496438003,84000
1037,49.166636881347685,-40.2874974946986,-4.713581518671381,315500
1038,54.832017431498,-32.77707379984995,-1.4228970158822674,287000
1039,-179.84410368707157,-12.786262181348022,-19.53118306627975,97000
1040,-180.90068616784032,5.370433341604714,14.703145601976647,80000
1041,-180.1950843254519,-1.6248401261568157,-18.766069363815028,155000
1042,-139.70496608738236,-7.533216195779324,-21.404130701609823,173000
1043,53.79093829955888,-35.78974673900388,1.3188416381531531,196000
1044,133.20219482653346,-14.80960689929202,6.200207786989029,262280
1045,413.6466999031809,7.049190821542466,12.775811568763881,278000
1046,-181.58755493634655,25.79812993506951,20.346769343602848,139600
1047,143.16224207923625,-38.76399183399988,-3.7105709184065034,556581
1048,-179.5944512206778,-29.449257634546065,2.006087738599528,145000
1049,-180.1514118149194,-2.79497408103459,-21.26435835636664,115000
1050,-180.38790043055945,10.362538592757023,-29.872814781183166,84900
1051,-156.83865449976105,-47.920191770753,-4.9233945359926015,176485
1052,-158.8192891468746,-48.035855970843286,-4.9717670624019465,200141
1053,-128.428596110305,4.431000349145358,-0.678159087771527,165000
1054,13.690857080587351,8.191856710474607,-18.929706072507056,144500
1055,79.9471474024904,-35.741663689036024,-1.207853343963195,255000
1056,8.54575751051209,0.7351208046223244,10.94109312123566,180000
1057,49.012286598962824,-40.36874853971302,-1.2975648258001535,185850
1058,86.47131279011256,-20.751325123893782,2.316270657062583,248000
1059,-76.72833809637837,-45.09175164959272,-6.233536629479673,335000
1060,-162.66166152129702,44.23587149844705,5.462146161164613,220000
1061,-9.2561911667587,-31.635816371209785,-0.7462297034220652,213500
1062,-162.1488127659088,45.18585213274078,16.03144011813269,81000
1063,-125.63612506218857,74.83642847716456,-4.05264625942622,90000
1064,104.7004425136254,43.68989305898755,-17.358033857239764,110500
1065,-122.87855347793365,11.57150095523279,12.92344708722056,154000
1066,160.376401206299,-19.80588756163563,4.3055744383528705,328000
1067,-139.43155745763,-26.7065142828785,-1.73302964964166,178000
1068,463.79348077322805,30.66337662498377,20.66239746228339,167900
1069,567.0594141579845,19.79904434192145,21.6448812265801,151400
1070,-180.13151139836728,4.402626229980458,-29.036265895761105,135000
1071,30.56340851576109,27.554911146904946,19.743994892614744,135000
1072,-180.67089917848074,6.717172293456555,9.469143446145033,154000
1073,-181.715217160205,30.23166065149424,20.204947645183843,91500
1074,71.57770613312523,2.3947189892879317,10.141067884664482,159500
1075,53.977844102026665,-40.019160463030424,-1.290477917946138,194000
1076,-180.6487306044075,20.656346347602486,-19.449272530875174,219500
1077,276.10718786738175,34.803894176260016,-18.259118648804574,170000
1078,91.16837421686091,10.497297525440349,15.53226105742791,138800
1079,-39.069661042508784,-41.304856199693006,-0.819115870312997,155900
1080,-115.62054687363965,-28.312038227493627,3.4986723318170516,126000
1081,91.25447121740764,-6.291963725857345,-17.089273102889354,145000
1082,38.74297030811253,22.422885581553995,18.37972741280278,133000
1083,51.81416447369468,-34.72508752235698,0.13244736320912814,192000
1084,-64.76931820375137,11.591896954620426,11.720780450279307,160000
1085,179.41250408656526,-22.800107566128904,4.995978731736517,187500
1086,-59.70085512368073,-20.686437906595543,2.962783663586864,147000
1087,35.1099468992566,9.175390152785655,16.07084338663878,83500
1088,30.98530397314817,-37.57681040610683,-2.916250077348986,252000
1089,-138.94943263612763,-44.5796846972337,-3.959646994919944,137500
1090,-94.82411281205036,-45.138190234545135,-4.977378889547852,197000
1091,-181.89275190453742,32.87332199218228,23.14662897389276,92900
1092,-131.23673426106893,-35.477710787380765,-2.0496083447621563,160000
1093,287.6619204001757,66.57112821803688,13.022344128872776,136500
1094,-115.82900842293502,-7.0993214680593395,-18.20769278272632,146000
1095,59.64927335726175,11.140829955884449,-18.45239896854528,129000
1096,-156.94231804835596,-46.31482489032986,-3.0562344731356186,176432
1097,70.15471924242438,41.22056201318827,-46.19467352881262,127000
1098,31.15207953782559,-13.993591148813062,4.251083077554471,170000
1099,-181.97209005653565,44.204329610017744,13.007869094675653,128000
1100,-180.2097041113846,-6.863212658293566,6.19960976341884,157000
1101,-182.53488283458447,59.317526519827645,9.665187374276712,60000
1102,-180.6262243023397,0.8126886553997058,10.952440288288695,119500
1103,-163.94187317916644,-4.288300525246871,-22.818602174829635,135000
1104,10.941521491508281,20.721561699125022,14.676878299178622,159500
1105,-180.6699176404535,2.113020642289987,11.238361562107844,106000
1106,38.46368948897712,-21.338971082602,1.6876448455397972,325000
1107,64.30011771265737,-18.712996729601176,3.955516731095947,179900
1108,-78.85977982432982,-45.562746618481775,-3.793582296051372,274725
1109,-31.304609924999852,-34.20563349224967,1.0265813893019764,181000
1110,130.8934890303055,-33.30508126195755,-0.8981689820246195,280000
1111,128.35880702877816,-21.73754580629755,4.926463712277133,188000
1112,-111.1808021499054,-3.874366203617136,5.544865448027083,205000
1113,-181.05494934208167,17.584975671564408,12.783737946569811,129900
1114,-161.98448373940212,0.023950993330451777,-29.386218705773494,134500
1115,-180.06322543046892,0.13207293003770937,-24.613555918602167,117000
1116,-178.70507665314372,-49.204708576438605,-6.672756371679496,318000
1117,-59.11641188135518,-35.93227221497359,-2.261317533058003,184100
1118,-179.79875022230686,-10.136018009049804,-20.255910904088427,130000
1119,133.33142160183024,15.530232992818132,-4.844515808996365,140000
1120,210.6150751948069,27.883093622818688,20.995823148098307,133700
1121,-48.195403214813666,59.329940332374534,5.0991567251745895,118400
1122,-14.93704346480072,-42.765542220217675,-3.1542362937516866,212900
1123,42.249705558128056,31.63778842476875,24.401888839054134,112000
1124,19.869683993681097,12.19648880538668,-33.38316738891858,118000
1125,-54.57331225070544,-24.49945059206043,2.1829144913416494,163900
1126,-181.51356049357432,25.432177325600478,18.941817903125017,115000
1127,-16.009357085424163,-40.90978164225842,-2.0171036241990006,174000
1128,0.9651997129518473,-39.19795369569978,-1.3189509337794114,259000
1129,-31.006219520976845,-40.482711832284494,-2.781113396494408,215000
1130,-131.23730378148028,-9.939512963964068,8.430636356987064,140000
1131,292.40736161366135,66.63004598006641,20.14041534831586,135000
1132,-151.71881884287816,-25.677694952291795,3.1460365084749267,93500
1133,-135.05426670296873,92.17085975133377,-13.244416375576668,117500
1134,-24.450668794728585,-25.42251515216924,0.8040988754447861,239500
1135,-41.43025926533998,-30.494358349615514,1.9880028091848336,169000
1136,-54.067496236121414,53.82586040415091,7.8193139688195075,102000
1137,-85.6055747998347,33.07304436602472,18.997361927526946,119000
1138,-6.021696356931161,82.09051974703935,-55.61812817688072,94000
1139,115.48551987003889,3.967587449764482,12.611311646020065,196000
1140,159.59916558111522,66.06506564058044,9.81484906145177,144000
1141,-181.41397686662071,28.34165163253643,15.705037003211613,139000
1142,363.35375102481714,12.725865553786816,15.232237957676578,197500
1143,90.11245856383525,-40.02252949808839,-3.0468822668820645,424870
1144,-157.3906580511503,19.78657618684205,19.00815408544368,80000
1145,-182.0376011039832,41.7068870408261,18.13429542193412,80000
1146,-181.89276392421675,46.72889145267148,6.334265431024604,149000
1147,11.044371360475012,-14.0845120447887,6.969273388878601,180000
1148,-181.45500953823787,37.95703190769173,8.026703007967074,174500
1149,-5.850628266629142,55.39089198441496,3.332141729672895,116900
1150,-180.74423606671894,37.62564646077686,-37.61931701229855,143000
1151,32.37263738415575,35.42376815950662,20.375523604636694,124000
1152,58.67840365309023,23.24396489086519,20.155008205810613,149900
1153,100.04085310851293,4.5371113004921915,-24.73250986263669,230000
1154,-84.33035273489006,22.649289844935353,-43.255678983398866,120500
1155,236.6657930086613,11.027230612495316,-4.241760892986804,201800
1156,21.431737374866437,-14.083244615390322,-15.588996604767807,218000
1157,8.04726189537265,-1.111401985331618,-16.472798065712794,179900
1158,54.984248299439834,-39.277916611155554,-1.6967503606690943,230000
1159,-154.77890828911873,-47.34196805781883,-6.838861018822399,235128
1160,-111.36939776377248,-0.7533648068452227,8.00032569018927,185000
1161,-154.35855797127186,-4.306192893287548,8.389424821395997,146000
1162,143.93276692243793,9.377236400744522,-25.892374187679017,224000
1163,-180.74993171829183,4.72958338669839,12.021180611388226,129000
1164,-60.964011629371306,9.050930633207848,16.605053578488135,108959
1165,167.663170972002,1.24088290457808,10.780638294617138,194000
1166,-64.89724863073076,-45.06784584344583,-3.511712395936605,233170
1167,14.04464908681408,-40.30546362700603,-3.008795768863497,245350
1168,-141.17076257181205,-39.118167721165975,-0.9677069029651713,173000
1169,-90.800608892542,28.21672723933796,-21.791821041877423,235000
1170,257.7385187058811,-22.15807171482767,0.34057668139049563,625000
1171,22.67520738859978,-0.48868290785435714,9.05006660331427,171000
1172,106.75195185325578,27.6884739451573,17.286408008094405,163000
1173,-124.9323652216192,-44.650632393626445,-4.576052499786996,171900
1174,-58.53413510689407,15.424896911565266,-19.787494903984193,200500
1175,-181.50421910440912,41.837980591718946,2.953871277190592,239000
1176,-146.20873597885003,-31.658117909414532,-7.3885584211207975,285000
1177,181.71385871720204,-4.628413935729187,11.32814304859361,119500
1178,-64.55198308451092,29.662155981358136,-41.97672193264241,115000
1179,111.63768189870395,66.05617368093517,8.700989337696814,154900
1180,44.488104532416976,29.635665001805158,20.15802240438807,93000
1181,-179.509938576541,-27.464416426851365,-0.2480085743037552,250000
1182,189.05794766535394,-37.78943372711091,-0.9755588028300792,392500
1183,69.84585162085952,-27.458647175236695,-1.8017743771382155,745000
1184,46.80451601205709,60.76830202725035,6.214554679909561,120000
1185,344.64274988593644,28.03328840556352,23.49301119833372,186700
1186,53.93899154467527,57.25432829859617,6.7123116341886115,104900
1187,-108.39472336425614,69.279236169321,-16.742200228536923,95000
1188,126.56387781778653,-23.83673370093318,1.6047847303766378,262000
1189,32.723863305851665,-32.57852714331166,0.5529428216801482,195000
1190,20.560687410225068,-27.56396261031807,1.8316605759336873,189000
1191,257.8844030050893,21.726762007620522,12.342486233671927,168000
1192,26.778243889925857,-32.206941268957586,-1.4657322280927716,174000
1193,-96.82867590345762,32.08786799221452,-33.07286074192446,125000
1194,124.45893532248974,-25.46856397573397,4.6446674981790625,165000
1195,234.15697621486666,19.1794993837431,14.189364172424602,158000
1196,-55.120277603970166,-40.32169461873941,-0.8085920758005366,176000
1197,-61.87280557270967,-45.0497241865119,-3.5013123181686336,219210
1198,147.83197931812822,66.73225483236502,2.2868649066597535,144000
1199,176.57732425362505,-26.72448043031658,3.175268113339269,178000
1200,-98.66526668268834,5.5512528167017825,2.843330556802173,148000
1201,-180.71259670728548,1.2066977117533124,12.352890405559323,116050
1202,54.530161590611726,-26.495755264655546,2.3532217641764426,197900
1203,27.081628218912016,37.20761144988571,-32.94070321580625,117000
1204,128.60707235456172,-27.403689688030948,1.9191687042963874,213000
1205,-92.36062338343059,-3.68912356411615,8.982758894830493,153500
1206,-25.50701805972241,-19.77319927912458,-0.825716081465689,271900
1207,-138.9725511474146,8.137334383286454,15.703642106601752,107000
1208,35.83894351480356,-37.66753009396918,0.6830933538424728,200000
1209,-180.4734559998253,5.145485953325427,-3.398701885585724,140000
1210,193.0520800459449,-37.634182246606365,-0.8838041034160867,290000
1211,558.8216413100033,-1.0252484841533245,14.164327150532731,189000
1212,157.7174131623751,-17.916254596777716,-12.294613419670533,164000
1213,-68.94312145598258,43.30373788159152,17.13223174792782,113000
1214,-91.8449302832862,-7.4197260144848185,-19.19814248456971,145000
1215,40.87547431542001,18.4167849461222,17.32495946046312,134500
1216,-180.8532396080553,7.573166068093109,12.75452734193247,125000
1217,-180.37841121767207,-4.824935052273707,7.927695658343202,112000
1218,68.10797254750295,-41.40547078875109,-2.82985920318799,229456
1219,-181.7031851671784,31.025711035312604,18.185002162382286,80500
1220,20.353232445859224,5.461847712445214,12.135670110904716,91500
1221,-180.8990840047311,8.915255008266525,13.151038371421773,115000
1222,-117.83062574775215,8.079906748567113,13.346355060359956,134000
1223,-181.39399723179295,29.082739048207245,14.83158213526137,143000
1224,-151.64379853187555,27.97179928679455,21.262305651316332,137900
1225,-4.057100004372194,-38.427801807307276,-1.9016226310936473,184000
1226,43.01128052565597,23.57408830940478,12.405628915280479,145000
1227,-60.99771383667146,-43.307226234308956,-1.6686459330693064,214000
1228,60.20775808552204,-3.638868277589863,-23.12686872352756,147000
1229,117.1811608418245,-40.38565795277576,-3.499356212537222,367294
1230,-181.15743652993626,16.907020980472264,15.2961006047662,127000
1231,143.48275281829356,2.5737305775642136,13.637230755466652,190000
1232,-162.90844474327423,11.701172191878628,12.702368616526233,132500
1233,-181.13121385558648,13.416429912551653,15.656428490533985,101800
1234,-181.2929710348807,20.964195623154858,16.4775406798744,142000
1235,9.528670633539022,70.4317530004864,2.0625902381895167,130000
1236,60.57711851400587,66.9479431985724,5.026824578829028,138887
1237,-152.1622739605097,-38.31378172247601,-2.32325357973322,175500
1238,-30.962829963164264,-41.816888853295,-3.1449773411738615,195000
1239,-178.95942859022313,-46.77844804951194,-3.420047602031008,142500
1240,-25.86079423802531,-43.03056561044741,-3.945290430717604,265900
1241,-116.07356541426051,-40.037738411765105,-2.418724576358209,224900
1242,-122.7469108641267,-47.370896403394504,-6.465260254002287,248328
1243,-60.39317423034028,3.076523238362651,7.834899056440075,170000
1244,266.1768176461558,-36.195372393433196,-2.7086681633300715,465000
1245,-181.45787081554002,43.99906701530059,-0.7240219862072401,230000
1246,347.38725184143993,-10.636818939004607,-6.640707465210847,178000
1247,-133.87585999848278,-46.28918777362572,-5.083551999316798,186500
1248,-180.43838131232332,-2.4202107385888634,8.801232960261018,169900
1249,76.63024157312522,67.12649528677062,5.9528870412181005,129500
1250,-101.47325666294891,30.904740494862555,16.921480690693997,119000
1251,-180.68727854026838,7.824906112860722,10.153643564743602,244000
1252,4.930748978338422,-38.88404953907928,-1.3196764097146525,171750
1253,-147.79029864533462,8.192240650136059,11.811045525060106,130000
1254,87.4814084655295,-10.389128545279304,-17.316372237010572,294000
1255,126.79387163204375,-32.87003681260608,0.404254583311631,165400
1256,-61.86150359938885,48.77477525854797,8.279766943007441,127500
1257,118.47141934134534,-21.08777574650633,3.1119440139601653,301500
1258,-86.0894884100819,58.48222941001167,3.1723628191356155,99900
1259,32.916627729687455,-38.11460731972596,-0.7985946543216081,190000
1260,79.4436927270077,11.217122397808707,9.332824377768954,151000
1261,-76.40268487711167,-31.57996898066386,1.4255210681617914,181000
1262,-181.3188030777666,23.360088183885306,15.66327375889803,128900
1263,-60.69066528583808,11.384221054459228,-6.710587534582458,161500
1264,-56.10530390706396,59.506391288896765,2.660030466989842,180500
1265,32.53898085964931,-28.757195607188276,2.3413020850760105,181000
1266,-145.15438130779384,-38.19017909384809,-2.129486640754284,183900
1267,81.48858972266144,72.32596463377703,2.973292267034144,122000
1268,41.15736615521631,-40.400526227803574,-4.9399712225769115,378500
1269,145.81091722413146,28.162760512484613,-36.10359043837121,381000
1270,-181.20516670462024,18.29620465799086,15.68366182661196,144000
1271,87.73867371174731,0.9079202294864229,8.328457653952286,260000
1272,-180.56178919882373,6.234402483451992,7.688844818757184,185750
1273,-0.8807886280327558,12.770323628396968,14.128583940619706,137000
1274,-16.861449220379573,0.011413788418911809,-26.01969448285956,177000
1275,141.7938391212499,49.01143349601381,-40.94159425588031,139000
1276,-181.60495353239045,30.791737096361835,17.614147554381187,137000
1277,229.2616257284496,14.004860990067005,14.397631201595248,162000
1278,-180.5513162922163,4.058553995924192,4.185329536659315,197900
1279,31.882539806249294,-34.50784078890444,-1.2480994131582204,237000
1280,11.395252466694759,66.22705150191199,11.22827334379378,68400
1281,-107.17274646213417,-37.06023463529942,-1.5196839761076832,227000
1282,-31.624102887203726,-22.517248137003953,3.026113278908774,180000
1283,108.29523482457633,-10.897464537651118,-14.92940756538165,150500
1284,-52.763602937006965,8.515407178518222,12.437591869956128,139000
1285,248.6483368772588,53.73053748298246,-26.67725887488051,169000
1286,-136.73908893816727,42.09649404310981,11.549344836293576,132500
1287,-155.02313944546955,15.871604876427694,13.942323176548312,143000
1288,184.8966261375251,20.13158517675641,18.80310427992309,190000
1289,91.70582728127137,-28.6189658235031,0.8158164995361624,278000
1290,72.12373335127504,-41.31187348175685,-2.874396765628874,281000
1291,45.966792790812036,20.427000021921685,15.191655222569535,180500
1292,4.3711597898388055,7.1183191410553714,11.182829615540236,119500
1293,104.25439111608398,84.9665800407484,-14.54099760189869,107500
1294,106.65178999470476,0.7189139033066021,10.232848531816458,162900
1295,-180.28653605334827,3.919881998231651,-15.751151865890535,115000
1296,175.06928414113287,14.437363351033246,17.215312755372032,138500
1297,153.84697813157268,22.853300383485095,17.929773390343158,155000
1298,-134.94857681549047,-46.07009756002282,-3.5074140151899327,140000
1300,37.58732318625027,10.662356315729134,-12.400065730499406,154000
1301,-179.24608256852736,-35.28466196532287,-1.5735573194072403,225000
1302,42.31030053680289,44.56773096713528,14.039843657514622,177500
1303,207.50410500300438,-20.991112790040084,3.68103365873996,290000
1304,87.96197428208585,-38.994681583546424,-0.7559066667431635,232000
1305,-138.94853192022111,-44.58478292768536,-3.957698835810249,130000
1306,326.94208342095294,-30.288357759528697,-0.035544575999423574,325000
1307,-11.941565184682634,-42.57770631886625,-3.17239059401365,202500
1308,-115.68096316876026,-26.11598902084581,3.3493834364846187,138000
1309,-144.1573559535971,6.756771418893221,-30.261947926236637,147000
1310,-16.768854130778195,-20.313917975801402,5.065129643094061,179200
1311,189.05406279168082,9.836349413432266,-22.88948259061406,335000
1312,182.91115857349848,-35.71406886547422,-0.5286390120364267,203000
1313,320.2074806353462,-10.736946934053812,7.249514724716152,302000
1314,518.4138713010665,-12.920121527367977,6.592864338395419,333168
1315,-145.41892284467156,24.84404564267567,17.944199342224607,119000
1316,99.17733357694485,13.006218519196004,14.874150555753088,206900
1317,35.10064182143111,-41.12201555883605,-3.057098329325303,295493
1318,62.010060949555424,-40.28413725792329,-2.062191491430992,208900
1319,168.85224457397317,-31.979728436024544,-0.3489071245818999,275000
1320,-181.46892254791408,23.986695227666264,18.60459518817445,111000
1321,148.36745263976638,32.88435633002555,23.988474095018024,156500
1322,-181.77769441243797,32.03362484552473,20.496416552641325,72500
1323,99.21122293150422,-15.827207808067977,5.6650021984503525,190000
1324,-17.952473725053483,45.63728050688108,16.227375271396916,82500
1325,-129.7730855343727,-46.680701776223785,-6.45316159508445,147000
1326,-82.42700926523771,59.01814906747963,9.965044770928646,55000
1327,105.09986196158337,29.07556873892327,-30.683122802482004,79000
1328,-179.19539504849655,-26.34081720387111,-20.401721545776056,130500
1329,844.4009942835074,87.42601597059485,15.623333170662443,256000
1330,-151.19211274917149,-36.946133653239755,-1.9015729209562355,176500
1331,10.110760462687773,-41.83812525000408,-3.4380859072288183,227000
1332,-180.34856588384105,-7.354516882657359,8.737038358791516,132500
1333,-181.71162680787688,38.55307077671631,7.295352530587717,100000
1334,74.24155646494211,24.848459339374816,-22.589067371725275,125500
1335,-144.7057949786481,5.599834361946163,11.08050299545712,125000
1336,-164.34407252164158,-4.671235385913803,8.267337637514531,167900
1337,30.29078965115037,5.94915499004132,13.784227019527615,135000
1338,-161.89313069175364,37.1336036047642,16.906423480706128,52500
1339,57.86047612249199,-35.96340701143922,-0.10516218673879284,200000
1340,-180.37788475758717,-2.6119457470834027,7.212318661155565,128500
1341,-180.70849432316547,1.1898358111838117,12.353242285028804,123000
1342,-101.15283818437574,-39.54581769331181,-1.5430433302789042,155000
1343,99.87033814578056,-33.621217352366806,-0.611293076404073,228500
1344,-181.93131011725887,50.32681877613579,5.694862233535849,177000
1345,-178.85525953598957,-47.282323002379975,-4.931723371328512,155835
1346,-14.448019420566727,61.31042767473002,9.775642362798624,108500
1347,190.3230003028768,-3.27927642488559,-18.87588679986988,262500
1348,-178.72310291543235,-48.3381563700145,-7.167859792898439,283463
1349,247.52321024332863,-23.380969557811262,4.7398534438348365,215000
1350,-108.12678744940872,82.9719616540322,-51.79157113879153,122000
1351,-180.7735768592082,6.02580197319996,12.319195641580416,200000
1352,22.993017793548436,19.675121120012278,14.469869061748561,171000
1353,29.6073171140458,24.361633788749064,-33.8234165978763,134900
1354,189.42589828627104,-18.079135888011074,3.6362482370786418,410000
1355,4.727792875468668,-32.28917832253303,0.5346963295125866,235000
1356,-81.89094410972075,-6.0294570823626685,-11.946130700537708,170000
1357,-180.89797072494062,8.894781970691161,13.146329309377446,110000
1358,-179.74198426647544,-13.068179424689845,-20.31678880045488,149900
1359,-147.37195547932117,-33.827752069299116,0.3707396432323502,177500
1360,60.16134409525285,-39.94234874540834,-4.536549912105848,315000
1361,302.74691448250996,48.04444209416923,-28.828719675460704,189000
1362,24.901174417314742,-37.0756395736192,-0.5879628982354692,260000
1363,-126.03355037589837,33.700414317092275,-38.86718923582055,104900
1364,-142.93280050751105,-46.26123916870698,-3.7711560927254886,156932
1365,-12.986753331676185,-42.03079426909489,-2.367750414220433,144152
1366,-83.32549056938049,-32.24591501460176,-0.0916851198945728,216000
1367,-91.270002911321,-33.87329674301124,-0.5671076570313782,193000
1368,-50.29103585296023,-5.096372089651033,8.839312717783459,127000
1369,-39.23921112124538,-36.354110461114054,-0.19234380997380382,144000
1370,82.80508116653866,-31.53899303941551,-0.045294847171174865,232000
1371,15.575579136510461,64.35357727230705,8.546969960158599,105000
1372,25.682160401914505,10.008190320076183,-17.124298213244558,165500
1373,243.68291784246856,-25.3242030614914,2.175839819399611,274300
1374,274.9325118252567,-28.331069808310637,-1.1950300757550198,466500
1375,184.82808439557814,-33.32392597320723,1.4008303593166453,250000
1376,-42.808724372844146,-44.84640416529187,-4.624452700847817,239000
1377,-41.05000773749171,52.05611728944461,10.307329771609364,91000
1378,-113.6370281616087,37.092489273277586,7.741921705410276,117000
1379,-108.46090218964537,-1.3898708724994742,9.501166533031483,83000
1380,-79.11738923631556,-42.47899491034498,-0.9242131396474368,167500
1381,-86.77023950097761,68.89879592495218,9.01986816674867,58500
1382,-138.43421931062926,3.382880263242957,7.287146986144331,237500
1383,75.06431660043455,60.46148409450367,0.9841203303689691,157000
1384,-68.73804321415244,33.26903984214862,-45.26058216117117,112000
1385,-181.81495357729386,41.15726068461701,12.671662515525904,105000
1386,-84.83072345824219,33.52662721759929,-41.65943651513954,125500
1387,371.61053998676147,6.206623260970744,13.585628429400987,250000
1388,-79.04611969308566,60.95851326771364,-0.8335477914181366,136000
1389,61.11752399486808,-38.581937841985585,-4.155254997441784,377500
1390,-181.56699090116132,36.13639967178351,11.084903780426224,131000
1391,75.75777026043929,-32.743335242293185,0.9804774835865769,235000
1392,-28.992407449200254,13.584078270398996,15.417698237385936,124000
1393,138.04776306498664,14.646893284098171,16.999384238533686,123000
1394,55.8060448107289,52.74891418724488,-45.29199734463076,163000
1395,2.0909948955885738,-43.209198612743606,-2.3860493099210727,246578
1396,4.106006668665,-41.17150092866393,-4.063313246064325,281213
1397,-131.74102231443948,36.384081021837545,19.538657444659894,160000
1398,-6.743519727464687,34.577835599245205,-42.37116630118812,137500
1399,-13.050583746028988,22.35321678836458,-3.355800176619482,138000
1400,-18.09811464878519,39.16041685564131,-26.552714191625093,137450
1401,-69.85267118123221,51.230143055232844,5.7903085785693476,120000
1402,-4.172051117846755,-37.54383421847672,0.41631792444896076,193000
1403,44.044217469140925,-41.7181574250499,-1.8246851965595,193879
1404,149.06385530889472,-38.92587853316296,-1.5660012608901115,282922
1405,193.2975589614567,71.1807317841482,11.391767583036048,105000
1406,156.91796646049167,-33.824368745760474,-0.8358877862333552,275000
1407,-121.67961262238173,-13.228794200749583,-19.94577287897707,133000
1408,-180.08463137136397,-15.331139581352728,6.508098273887032,112000
1409,-14.604576849707568,73.38175021049877,2.568721643548398,125500
1410,247.15708846906077,-8.482064608074321,3.1635908181695784,215000
1411,-134.19729277158763,-36.53700662980052,-1.6141229696232595,230000
1412,-179.94201504556918,4.382009967992223,-33.37942882745194,140000
1413,-181.78858490209356,33.196133235851555,20.309154387889972,90000
1414,30.00111822724125,-37.770476458822905,-2.8125957343246344,257000
1415,39.201273864788774,36.356992202510625,-37.103968368473716,207000
1416,-15.999895524337136,-40.98755109748474,-1.9605166235710991,175900
1417,-69.13633510711297,93.88745544682149,-8.858067321463492,122500
1418,-53.27667916016072,-30.489591269571363,-0.7032894211659141,340000
1419,-93.07959465370931,15.62460315188262,15.60968592550635,124000
1420,108.26145396727759,10.545024397921456,14.269134710165137,223000
1421,107.30261010114778,11.460616054346957,12.876393346794462,179900
1422,39.46348487371527,3.071231285598018,11.780123716520677,127500
1423,-39.218924151032844,-37.237441424862325,0.2914353752549004,136500
1424,640.9809987395129,30.443074345149476,20.039528358185585,274970
1425,163.20119238201934,17.21720451772363,0.17475519667529238,144000
1426,-142.06341714098474,18.716373148192734,12.995385947188785,142000
1427,123.3874120138325,-20.538463355038548,4.588862146995131,271000
1428,-181.6229675254318,34.41875225119896,15.132732344689517,140000
1429,-26.80529754263119,26.2815967911642,-20.61996060491276,119000
1430,-80.93857421152117,-11.00944802571263,3.764076369586202,182900
1431,-39.090029210743474,-42.23556684212486,0.14206060244187244,192140
1432,-120.35331303805746,-2.222916021674048,7.536426552708495,143750
1433,-180.66365450887255,22.71558919677451,-39.516472418995505,64500
1434,-179.24389491763847,-37.52713851268287,-0.8875956702067164,186500
1435,155.50774767780266,1.624373389152595,13.599978010902955,160000
1436,-143.56012878262567,-6.870053429718508,-29.323484972541742,174000
1437,-180.64021411479592,0.8601353479813783,11.214027262752095,120500
1438,191.06432814508346,-37.78246429099941,-0.9576281892711209,394617
1439,135.6345758026352,14.024708614142508,-15.509349639739467,149700
1440,123.83744744617394,-1.8900659501048476,7.705565594382038,197000
1441,249.90344181667538,46.55535859171596,-29.30999999896144,191000
1442,-30.16810215859238,-38.32716292780484,0.05658073020894179,149300
1443,41.27386065101337,-41.78240072536494,-5.860821562018889,310000
1444,-44.279674949669875,65.25153971979151,2.2893337649350998,121000
1445,72.87764530599065,-36.73456325710906,-0.2593694982081712,179600
1446,71.06363691186614,15.049609687798778,15.167725890320343,129000
1447,118.80006449665255,25.5891972700915,17.032801384837615,157900
1448,-114.26846589183864,-31.43366975392307,-2.1284942756097984,240000
1449,10.750786014305937,46.658371098952664,-39.85159694545643,112000
1450,-180.47341048338825,0.06687561306348114,7.926734301192215,92000
1451,-103.63027546701318,1.8921558919788517,11.636451161371841,136000
1452,-142.76900789680369,-47.04625931869669,-6.674879678815838,287090
1453,-151.04692324758068,-45.69111997458012,-1.4374601911225147,145000
1454,-87.06391314456368,-44.78109484608125,-0.939759612849453,84500
1455,-66.09096933436224,-38.90969388374836,-2.4926797539685235,185000
1456,-139.2553251648156,-36.67655520597476,-1.1355304551006964,175000
1457,168.79143414956627,0.5935084430928952,3.285162526483074,210000
1458,-119.91523805774666,13.798718290083997,-41.58284387295127,266500
1459,297.20317339612586,26.01033228331531,-12.725643553056397,142125
1460,622.6309987088682,34.729070146034964,24.480801802391802,147500
